2025-10-31T18:03:49 update: added hyperfocues/03 - adhd music for FURRIES!!!.mp3
2025-10-31T18:03:49 update: added hyperfocues/12 - LESBIAN FURRY RAVE.mp3
2025-10-31T18:03:49 update: added hyperfocues/10 - TWISTED GARDEN (Nameless Deity Theme) [Remix].mp3
2025-10-31T18:03:49 update: added hyperfocues/16 - Die Young.mp3
2025-10-31T18:03:49 update: added hyperfocues/15 - KID PIX.mp3
2025-10-31T18:03:49 update: added hyperfocues/08 - girls just want 2 have fun.mp3
2025-10-31T18:03:49 update: added hyperfocues/09 - snow.mp3
2025-10-31T18:03:49 update: added hyperfocues/13 - PK RAVE (feat. Glidelas).mp3
2025-10-31T18:03:49 update: added hyperfocues/02 - Laur - Calamity of the Mystic Garden ： Doom.mp3
2025-10-31T18:03:49 update: added hyperfocues/11 - tn-shi - lol who cares.mp3
2025-10-31T18:03:49 update: added hyperfocues/04 - K1LL SOMEBODY.mp3
2025-10-31T18:03:49 update: added hyperfocues/07 - Love Zombie.mp3
2025-10-31T18:03:49 update: added hyperfocues/05 - Beautiful Princess Disorder.mp3
2025-10-31T18:03:49 update: added hyperfocues/06 - DIVINE.mp3
2025-10-31T18:03:49 update: added hyperfocues/01 - 404.mp3
2025-10-31T18:03:49 update: added hyperfocues/14 - milkypossum - BUTT3RFLi3S.mp3
2025-10-31T18:09:11 player: played "hyperfocues/05 - Beautiful Princess Disorder.mp3"
2025-10-31T18:11:26 player: played "hyperfocues/05 - Beautiful Princess Disorder.mp3"
2025-10-31T18:20:31 update: added playlists/hyperfocues/03 - adhd music for FURRIES!!!.mp3
2025-10-31T18:20:31 update: added playlists/hyperfocues/12 - LESBIAN FURRY RAVE.mp3
2025-10-31T18:20:31 update: added playlists/hyperfocues/10 - TWISTED GARDEN (Nameless Deity Theme) [Remix].mp3
2025-10-31T18:20:31 update: added playlists/hyperfocues/16 - Die Young.mp3
2025-10-31T18:20:31 update: added playlists/hyperfocues/15 - KID PIX.mp3
2025-10-31T18:20:31 update: added playlists/hyperfocues/08 - girls just want 2 have fun.mp3
2025-10-31T18:20:31 update: added playlists/hyperfocues/09 - snow.mp3
2025-10-31T18:20:31 update: added playlists/hyperfocues/13 - PK RAVE (feat. Glidelas).mp3
2025-10-31T18:20:31 update: added playlists/hyperfocues/02 - Laur - Calamity of the Mystic Garden ： Doom.mp3
2025-10-31T18:20:31 update: added playlists/hyperfocues/11 - tn-shi - lol who cares.mp3
2025-10-31T18:20:31 update: added playlists/hyperfocues/04 - K1LL SOMEBODY.mp3
2025-10-31T18:20:31 update: added playlists/hyperfocues/07 - Love Zombie.mp3
2025-10-31T18:20:31 update: added playlists/hyperfocues/05 - Beautiful Princess Disorder.mp3
2025-10-31T18:20:31 update: added playlists/hyperfocues/06 - DIVINE.mp3
2025-10-31T18:20:31 update: added playlists/hyperfocues/01 - 404.mp3
2025-10-31T18:20:31 update: added playlists/hyperfocues/14 - milkypossum - BUTT3RFLi3S.mp3
2025-10-31T18:20:31 update: removing hyperfocues/09 - snow.mp3
2025-10-31T18:20:31 update: removing hyperfocues/12 - LESBIAN FURRY RAVE.mp3
2025-10-31T18:20:31 update: removing hyperfocues/13 - PK RAVE (feat. Glidelas).mp3
2025-10-31T18:20:31 update: removing hyperfocues/07 - Love Zombie.mp3
2025-10-31T18:20:31 update: removing hyperfocues/15 - KID PIX.mp3
2025-10-31T18:20:31 update: removing hyperfocues/04 - K1LL SOMEBODY.mp3
2025-10-31T18:20:31 update: removing hyperfocues/08 - girls just want 2 have fun.mp3
2025-10-31T18:20:31 update: removing hyperfocues/06 - DIVINE.mp3
2025-10-31T18:20:31 update: removing hyperfocues/16 - Die Young.mp3
2025-10-31T18:20:31 update: removing hyperfocues/03 - adhd music for FURRIES!!!.mp3
2025-10-31T18:20:31 update: removing hyperfocues/01 - 404.mp3
2025-10-31T18:20:31 update: removing hyperfocues/05 - Beautiful Princess Disorder.mp3
2025-10-31T18:20:31 update: removing hyperfocues/14 - milkypossum - BUTT3RFLi3S.mp3
2025-10-31T18:20:31 update: removing hyperfocues/11 - tn-shi - lol who cares.mp3
2025-10-31T18:20:31 update: removing hyperfocues/10 - TWISTED GARDEN (Nameless Deity Theme) [Remix].mp3
2025-10-31T18:20:31 update: removing hyperfocues/02 - Laur - Calamity of the Mystic Garden ： Doom.mp3
2025-10-31T18:20:43 exception: No such song
2025-10-31T18:20:43 exception: No such song
2025-10-31T18:21:33 update: updating playlists/hyperfocues/03 - adhd music for FURRIES!!!.mp3
2025-10-31T18:21:33 update: updating playlists/hyperfocues/12 - LESBIAN FURRY RAVE.mp3
2025-10-31T18:21:33 update: updating playlists/hyperfocues/10 - TWISTED GARDEN (Nameless Deity Theme) [Remix].mp3
2025-10-31T18:21:33 update: updating playlists/hyperfocues/16 - Die Young.mp3
2025-10-31T18:21:33 update: updating playlists/hyperfocues/15 - KID PIX.mp3
2025-10-31T18:21:33 update: updating playlists/hyperfocues/08 - girls just want 2 have fun.mp3
2025-10-31T18:21:33 update: updating playlists/hyperfocues/09 - snow.mp3
2025-10-31T18:21:33 update: updating playlists/hyperfocues/13 - PK RAVE (feat. Glidelas).mp3
2025-10-31T18:21:33 update: updating playlists/hyperfocues/02 - Laur - Calamity of the Mystic Garden ： Doom.mp3
2025-10-31T18:21:33 update: updating playlists/hyperfocues/11 - tn-shi - lol who cares.mp3
2025-10-31T18:21:33 update: updating playlists/hyperfocues/04 - K1LL SOMEBODY.mp3
2025-10-31T18:21:33 update: updating playlists/hyperfocues/07 - Love Zombie.mp3
2025-10-31T18:21:33 update: updating playlists/hyperfocues/05 - Beautiful Princess Disorder.mp3
2025-10-31T18:21:33 update: updating playlists/hyperfocues/06 - DIVINE.mp3
2025-10-31T18:21:33 update: updating playlists/hyperfocues/01 - 404.mp3
2025-10-31T18:21:33 update: updating playlists/hyperfocues/14 - milkypossum - BUTT3RFLi3S.mp3
2025-10-31T18:22:26 exception: No such song
2025-10-31T18:22:26 exception: No such song
2025-10-31T18:33:31 exception: No such song
2025-10-31T18:33:31 exception: No such song
2025-10-31T18:34:22 exception: No such song
2025-10-31T18:34:22 exception: No such song
2025-10-31T18:34:26 exception: No such song
2025-10-31T18:34:26 exception: No such song
2025-10-31T18:34:34 exception: No such song
2025-10-31T18:34:34 exception: No such song
2025-10-31T18:34:45 exception: No such song
2025-10-31T18:34:45 exception: No such song
2025-10-31T18:35:21 exception: No such song
2025-10-31T18:35:21 exception: No such song
2025-10-31T18:35:42 exception: No such song
2025-10-31T18:35:42 exception: No such song
2025-10-31T18:35:44 update: removing playlists/hyperfocues/02 - Laur - Calamity of the Mystic Garden ： Doom.mp3
2025-10-31T18:35:44 update: removing playlists/hyperfocues/10 - TWISTED GARDEN (Nameless Deity Theme) [Remix].mp3
2025-10-31T18:35:44 update: removing playlists/hyperfocues/11 - tn-shi - lol who cares.mp3
2025-10-31T18:35:44 update: removing playlists/hyperfocues/14 - milkypossum - BUTT3RFLi3S.mp3
2025-10-31T18:35:44 update: removing playlists/hyperfocues/05 - Beautiful Princess Disorder.mp3
2025-10-31T18:35:44 update: removing playlists/hyperfocues/01 - 404.mp3
2025-10-31T18:35:44 update: removing playlists/hyperfocues/03 - adhd music for FURRIES!!!.mp3
2025-10-31T18:35:44 update: removing playlists/hyperfocues/16 - Die Young.mp3
2025-10-31T18:35:44 update: removing playlists/hyperfocues/06 - DIVINE.mp3
2025-10-31T18:35:44 update: removing playlists/hyperfocues/08 - girls just want 2 have fun.mp3
2025-10-31T18:35:44 update: removing playlists/hyperfocues/04 - K1LL SOMEBODY.mp3
2025-10-31T18:35:44 update: removing playlists/hyperfocues/15 - KID PIX.mp3
2025-10-31T18:35:44 update: removing playlists/hyperfocues/07 - Love Zombie.mp3
2025-10-31T18:35:44 update: removing playlists/hyperfocues/13 - PK RAVE (feat. Glidelas).mp3
2025-10-31T18:35:44 update: removing playlists/hyperfocues/12 - LESBIAN FURRY RAVE.mp3
2025-10-31T18:35:44 update: removing playlists/hyperfocues/09 - snow.mp3
2025-10-31T18:35:50 exception: No such song
2025-10-31T18:35:50 exception: No such song
2025-10-31T18:35:51 update: added hyperfocues/03 - adhd music for FURRIES!!!.mp3
2025-10-31T18:35:51 update: added hyperfocues/12 - LESBIAN FURRY RAVE.mp3
2025-10-31T18:35:51 update: added hyperfocues/10 - TWISTED GARDEN (Nameless Deity Theme) [Remix].mp3
2025-10-31T18:35:51 update: added hyperfocues/16 - Die Young.mp3
2025-10-31T18:35:51 update: added hyperfocues/15 - KID PIX.mp3
2025-10-31T18:35:51 update: added hyperfocues/08 - girls just want 2 have fun.mp3
2025-10-31T18:35:51 update: added hyperfocues/09 - snow.mp3
2025-10-31T18:35:51 update: added hyperfocues/13 - PK RAVE (feat. Glidelas).mp3
2025-10-31T18:35:51 update: added hyperfocues/02 - Laur - Calamity of the Mystic Garden ： Doom.mp3
2025-10-31T18:35:51 update: added hyperfocues/11 - tn-shi - lol who cares.mp3
2025-10-31T18:35:51 update: added hyperfocues/04 - K1LL SOMEBODY.mp3
2025-10-31T18:35:51 update: added hyperfocues/07 - Love Zombie.mp3
2025-10-31T18:35:51 update: added hyperfocues/05 - Beautiful Princess Disorder.mp3
2025-10-31T18:35:51 update: added hyperfocues/06 - DIVINE.mp3
2025-10-31T18:35:51 update: added hyperfocues/01 - 404.mp3
2025-10-31T18:35:51 update: added hyperfocues/14 - milkypossum - BUTT3RFLi3S.mp3
2025-10-31T18:37:30 player: played "hyperfocues/08 - girls just want 2 have fun.mp3"
2025-10-31T18:52:55 update: updating hyperfocues/03 - adhd music for FURRIES!!!.mp3
2025-10-31T18:52:55 update: updating hyperfocues/12 - LESBIAN FURRY RAVE.mp3
2025-10-31T18:52:55 update: updating hyperfocues/10 - TWISTED GARDEN (Nameless Deity Theme) [Remix].mp3
2025-10-31T18:52:55 update: updating hyperfocues/16 - Die Young.mp3
2025-10-31T18:52:55 update: updating hyperfocues/15 - KID PIX.mp3
2025-10-31T18:52:55 update: updating hyperfocues/08 - girls just want 2 have fun.mp3
2025-10-31T18:52:55 update: updating hyperfocues/09 - snow.mp3
2025-10-31T18:52:55 update: updating hyperfocues/13 - PK RAVE (feat. Glidelas).mp3
2025-10-31T18:52:55 update: updating hyperfocues/02 - Laur - Calamity of the Mystic Garden ： Doom.mp3
2025-10-31T18:52:55 update: updating hyperfocues/11 - tn-shi - lol who cares.mp3
2025-10-31T18:52:55 update: updating hyperfocues/04 - K1LL SOMEBODY.mp3
2025-10-31T18:52:55 update: updating hyperfocues/07 - Love Zombie.mp3
2025-10-31T18:52:55 update: updating hyperfocues/05 - Beautiful Princess Disorder.mp3
2025-10-31T18:52:55 update: updating hyperfocues/06 - DIVINE.mp3
2025-10-31T18:52:55 update: updating hyperfocues/01 - 404.mp3
2025-10-31T18:52:55 update: updating hyperfocues/14 - milkypossum - BUTT3RFLi3S.mp3
2025-10-31T19:12:50 player: played "hyperfocues/08 - girls just want 2 have fun.mp3"
2025-10-31T19:21:59 pipewire_output: Decoder is too slow; playing silence to avoid xrun
2025-10-31T19:21:59 pipewire_output: Decoder is too slow; playing silence to avoid xrun
2025-10-31T19:22:20 pipewire_output: Decoder is too slow; playing silence to avoid xrun
2025-10-31T19:22:20 pipewire_output: Decoder is too slow; playing silence to avoid xrun
2025-10-31T19:22:43 player: played "hyperfocues/10 - TWISTED GARDEN (Nameless Deity Theme) [Remix].mp3"
2025-10-31T19:24:03 player: played "hyperfocues/02 - Laur - Calamity of the Mystic Garden ： Doom.mp3"
2025-10-31T19:47:17 player: played "hyperfocues/12 - LESBIAN FURRY RAVE.mp3"
2025-10-31T19:52:35 exception: No such directory
2025-10-31T19:52:41 exception: No such directory
2025-10-31T19:52:47 exception: No such directory
2025-10-31T19:52:55 exception: No such directory
2025-10-31T19:52:55 exception: Bad song index
2025-10-31T19:52:56 exception: No such directory
2025-10-31T19:52:56 exception: Bad song index
2025-10-31T19:52:56 exception: No such directory
2025-10-31T19:52:56 exception: Bad song index
2025-10-31T19:52:57 exception: No such directory
2025-10-31T19:52:57 exception: Bad song index
2025-10-31T20:01:37 pipewire_output: Decoder is too slow; playing silence to avoid xrun
2025-10-31T20:01:37 pipewire_output: Decoder is too slow; playing silence to avoid xrun
2025-10-31T20:02:38 pipewire_output: Decoder is too slow; playing silence to avoid xrun
2025-10-31T20:02:38 pipewire_output: Decoder is too slow; playing silence to avoid xrun
2025-10-31T20:03:05 pipewire_output: Decoder is too slow; playing silence to avoid xrun
2025-10-31T20:03:06 pipewire_output: Decoder is too slow; playing silence to avoid xrun
2025-10-31T20:05:16 pipewire_output: Decoder is too slow; playing silence to avoid xrun
2025-10-31T20:05:16 pipewire_output: Decoder is too slow; playing silence to avoid xrun
2025-10-31T20:17:11 exception: No such directory
2025-10-31T20:17:27 pipewire_output: Decoder is too slow; playing silence to avoid xrun
2025-10-31T20:17:27 pipewire_output: Decoder is too slow; playing silence to avoid xrun
2025-10-31T20:17:52 pipewire_output: Decoder is too slow; playing silence to avoid xrun
2025-10-31T20:17:52 pipewire_output: Decoder is too slow; playing silence to avoid xrun
2025-10-31T20:28:58 pipewire_output: Decoder is too slow; playing silence to avoid xrun
2025-10-31T20:28:59 pipewire_output: Decoder is too slow; playing silence to avoid xrun
2025-10-31T20:29:44 player: played "hyperfocues/14 - milkypossum - BUTT3RFLi3S.mp3"
2025-10-31T20:50:29 pipewire_output: Decoder is too slow; playing silence to avoid xrun
2025-10-31T20:52:48 pipewire_output: Decoder is too slow; playing silence to avoid xrun
2025-10-31T20:52:48 pipewire_output: Decoder is too slow; playing silence to avoid xrun
2025-10-31T21:17:08 pipewire_output: Decoder is too slow; playing silence to avoid xrun
2025-10-31T21:17:09 pipewire_output: Decoder is too slow; playing silence to avoid xrun
2025-10-31T21:30:33 pipewire_output: Decoder is too slow; playing silence to avoid xrun
2025-10-31T21:30:33 pipewire_output: Decoder is too slow; playing silence to avoid xrun
2025-10-31T21:48:58 exception: No such directory
2025-10-31T21:56:02 player: played "hyperfocues/03 - adhd music for FURRIES!!!.mp3"
Warning: Xing stream size off by more than 1%, fuzzy seeking may be even more fuzzy than by design!
2025-10-31T22:11:39 update: added sadness depression suicide death depression/01 - I Want You By My Side.mp3
2025-10-31T22:11:39 update: added sadness depression suicide death depression/01 - I Want You By My Side.webm
2025-10-31T22:11:49 update: updating sadness depression suicide death depression/01 - I Want You By My Side.mp3
2025-10-31T22:11:49 update: removing sadness depression suicide death depression/01 - I Want You By My Side.webm
Warning: Xing stream size off by more than 1%, fuzzy seeking may be even more fuzzy than by design!
2025-10-31T22:11:57 update: added sadness depression suicide death depression/02 - Crystal of Faded Childhood.mp3
2025-10-31T22:11:57 update: added sadness depression suicide death depression/02 - Crystal of Faded Childhood.webm
2025-10-31T22:12:24 update: added sadness depression suicide death depression/03 - fivefivefive.mp3
2025-10-31T22:12:24 update: updating sadness depression suicide death depression/02 - Crystal of Faded Childhood.mp3
2025-10-31T22:12:24 update: removing sadness depression suicide death depression/02 - Crystal of Faded Childhood.webm
2025-10-31T22:13:09 update: added sadness depression suicide death depression/07 - 曇心.webm
Warning: Xing stream size off by more than 1%, fuzzy seeking may be even more fuzzy than by design!
2025-10-31T22:13:09 update: added sadness depression suicide death depression/07 - 曇心.mp3
2025-10-31T22:13:09 update: added sadness depression suicide death depression/04 - cannot get over you.mp3
2025-10-31T22:13:09 update: added sadness depression suicide death depression/06 - girlfriends￼ - New computers demo 2009.mp3
2025-10-31T22:13:09 update: added sadness depression suicide death depression/05 - i told you i said i was okay.mp3
2025-10-31T22:13:37 update: updating sadness depression suicide death depression/07 - 曇心.mp3
Warning: Xing stream size off by more than 1%, fuzzy seeking may be even more fuzzy than by design!
2025-10-31T22:13:37 update: added sadness depression suicide death depression/09 - goodnight moon.mp3
2025-10-31T22:13:37 update: added sadness depression suicide death depression/08 - New Flesh.mp3
2025-10-31T22:13:37 update: added sadness depression suicide death depression/09 - goodnight moon.webm
2025-10-31T22:13:37 update: removing sadness depression suicide death depression/07 - 曇心.webm
Warning: Xing stream size off by more than 1%, fuzzy seeking may be even more fuzzy than by design!
2025-10-31T22:14:18 update: added sadness depression suicide death depression/12 - new house.mp3
2025-10-31T22:14:18 update: added sadness depression suicide death depression/10 - icantbelieveiletyougetaway.mp3
2025-10-31T22:14:18 update: updating sadness depression suicide death depression/09 - goodnight moon.mp3
2025-10-31T22:14:18 update: added sadness depression suicide death depression/11 - Nope your too late i already died.mp3
2025-10-31T22:14:18 update: added sadness depression suicide death depression/12 - new house.webm
2025-10-31T22:14:18 update: removing sadness depression suicide death depression/09 - goodnight moon.webm
2025-10-31T22:14:36 update: added sadness depression suicide death depression/13 - night is young.webm
2025-10-31T22:14:36 update: updating sadness depression suicide death depression/12 - new house.mp3
Warning: Xing stream size off by more than 1%, fuzzy seeking may be even more fuzzy than by design!
2025-10-31T22:14:36 update: added sadness depression suicide death depression/13 - night is young.mp3
2025-10-31T22:14:36 update: removing sadness depression suicide death depression/12 - new house.webm
2025-10-31T22:15:07 update: added sadness depression suicide death depression/14 - soon.mp3
2025-10-31T22:15:07 update: updating sadness depression suicide death depression/13 - night is young.mp3
2025-10-31T22:15:07 update: added sadness depression suicide death depression/15 - AO..webm
Warning: Xing stream size off by more than 1%, fuzzy seeking may be even more fuzzy than by design!
2025-10-31T22:15:07 update: added sadness depression suicide death depression/15 - AO..mp3
2025-10-31T22:15:07 update: removing sadness depression suicide death depression/13 - night is young.webm
2025-10-31T22:15:34 update: added sadness depression suicide death depression/16 - All I Wanted.mp3
2025-10-31T22:15:34 update: updating sadness depression suicide death depression/15 - AO..mp3
2025-10-31T22:15:34 update: removing sadness depression suicide death depression/15 - AO..webm
2025-10-31T22:15:58 update: added depression/16 - All I Wanted.mp3
2025-10-31T22:15:58 update: added depression/12 - new house.mp3
2025-10-31T22:15:58 update: added depression/03 - fivefivefive.mp3
2025-10-31T22:15:58 update: added depression/14 - soon.mp3
2025-10-31T22:15:58 update: added depression/01 - I Want You By My Side.mp3
2025-10-31T22:15:58 update: added depression/10 - icantbelieveiletyougetaway.mp3
2025-10-31T22:15:58 update: added depression/13 - night is young.mp3
2025-10-31T22:15:58 update: added depression/07 - 曇心.mp3
2025-10-31T22:15:58 update: added depression/09 - goodnight moon.mp3
2025-10-31T22:15:58 update: added depression/04 - cannot get over you.mp3
2025-10-31T22:15:58 update: added depression/06 - girlfriends￼ - New computers demo 2009.mp3
2025-10-31T22:15:58 update: added depression/11 - Nope your too late i already died.mp3
2025-10-31T22:15:58 update: added depression/05 - i told you i said i was okay.mp3
2025-10-31T22:15:58 update: added depression/02 - Crystal of Faded Childhood.mp3
2025-10-31T22:15:58 update: added depression/08 - New Flesh.mp3
2025-10-31T22:15:58 update: added depression/15 - AO..mp3
2025-10-31T22:15:58 update: removing sadness depression suicide death depression/08 - New Flesh.mp3
2025-10-31T22:15:58 update: removing sadness depression suicide death depression/11 - Nope your too late i already died.mp3
2025-10-31T22:15:58 update: removing sadness depression suicide death depression/15 - AO..mp3
2025-10-31T22:15:58 update: removing sadness depression suicide death depression/14 - soon.mp3
2025-10-31T22:15:58 update: removing sadness depression suicide death depression/13 - night is young.mp3
2025-10-31T22:15:58 update: removing sadness depression suicide death depression/02 - Crystal of Faded Childhood.mp3
2025-10-31T22:15:58 update: removing sadness depression suicide death depression/12 - new house.mp3
2025-10-31T22:15:58 update: removing sadness depression suicide death depression/09 - goodnight moon.mp3
2025-10-31T22:15:58 update: removing sadness depression suicide death depression/03 - fivefivefive.mp3
2025-10-31T22:15:58 update: removing sadness depression suicide death depression/10 - icantbelieveiletyougetaway.mp3
2025-10-31T22:15:58 update: removing sadness depression suicide death depression/05 - i told you i said i was okay.mp3
2025-10-31T22:15:58 update: removing sadness depression suicide death depression/07 - 曇心.mp3
2025-10-31T22:15:58 update: removing sadness depression suicide death depression/04 - cannot get over you.mp3
2025-10-31T22:15:58 update: removing sadness depression suicide death depression/01 - I Want You By My Side.mp3
2025-10-31T22:15:58 update: removing sadness depression suicide death depression/16 - All I Wanted.mp3
2025-10-31T22:15:58 update: removing sadness depression suicide death depression/06 - girlfriends￼ - New computers demo 2009.mp3
2025-10-31T22:18:13 player: played "hyperfocues/05 - Beautiful Princess Disorder.mp3"
2025-11-01T14:38:48 player: played "hyperfocues/16 - Die Young.mp3"
2025-11-02T01:01:12 player: played "hyperfocues/12 - LESBIAN FURRY RAVE.mp3"
2025-11-02T01:22:04 mixer: Failed to read mixer for "My ALSA Device": no such mixer control: PCM
2025-11-02T01:57:41 player: played "hyperfocues/12 - LESBIAN FURRY RAVE.mp3"
2025-11-02T01:58:05 output: Failed to open mixer for "My ALSA Device": no such mixer control: PCM
2025-11-02T01:59:53 output: Failed to open mixer for "My ALSA Device": no such mixer control: PCM
2025-11-02T02:00:31 output: Failed to open mixer for "My ALSA Device": no such mixer control: PCM
2025-11-02T02:00:35 output: Failed to open mixer for "My ALSA Device": no such mixer control: PCM
2025-11-02T02:00:37 output: Failed to open mixer for "My ALSA Device": no such mixer control: PCM
2025-11-02T02:00:47 pipewire_output: Decoder is too slow; playing silence to avoid xrun
2025-11-02T02:00:47 pipewire_output: Decoder is too slow; playing silence to avoid xrun
2025-11-02T02:00:47 pipewire_output: Decoder is too slow; playing silence to avoid xrun
2025-11-02T02:00:49 pipewire_output: Decoder is too slow; playing silence to avoid xrun
2025-11-02T02:00:49 pipewire_output: Decoder is too slow; playing silence to avoid xrun
2025-11-02T02:00:51 pipewire_output: Decoder is too slow; playing silence to avoid xrun
2025-11-02T02:00:52 pipewire_output: Decoder is too slow; playing silence to avoid xrun
2025-11-02T02:00:52 pipewire_output: Decoder is too slow; playing silence to avoid xrun
2025-11-02T02:00:52 pipewire_output: Decoder is too slow; playing silence to avoid xrun
2025-11-02T02:00:52 pipewire_output: Decoder is too slow; playing silence to avoid xrun
2025-11-02T02:00:53 pipewire_output: Decoder is too slow; playing silence to avoid xrun
2025-11-02T02:00:53 pipewire_output: Decoder is too slow; playing silence to avoid xrun
2025-11-02T02:00:53 pipewire_output: Decoder is too slow; playing silence to avoid xrun
2025-11-02T02:00:53 pipewire_output: Decoder is too slow; playing silence to avoid xrun
2025-11-02T02:00:57 output: Failed to open mixer for "My ALSA Device": no such mixer control: PCM
2025-11-02T02:01:03 output: Failed to open mixer for "My ALSA Device": no such mixer control: PCM
2025-11-02T02:01:50 output: Failed to open mixer for "My ALSA Device": no such mixer control: PCM
2025-11-02T02:02:07 pipewire_output: Decoder is too slow; playing silence to avoid xrun
2025-11-02T02:02:08 pipewire_output: Decoder is too slow; playing silence to avoid xrun
2025-11-02T02:02:08 pipewire_output: Decoder is too slow; playing silence to avoid xrun
2025-11-02T02:02:14 pipewire_output: Decoder is too slow; playing silence to avoid xrun
2025-11-02T02:02:14 pipewire_output: Decoder is too slow; playing silence to avoid xrun
2025-11-02T02:02:14 pipewire_output: Decoder is too slow; playing silence to avoid xrun
2025-11-02T02:02:14 pipewire_output: Decoder is too slow; playing silence to avoid xrun
2025-11-02T02:02:15 pipewire_output: Decoder is too slow; playing silence to avoid xrun
2025-11-02T02:02:15 pipewire_output: Decoder is too slow; playing silence to avoid xrun
2025-11-02T02:02:17 output: Failed to open mixer for "My ALSA Device": no such mixer control: PCM
2025-11-02T02:02:37 output: Failed to open mixer for "My ALSA Device": no such mixer control: PCM
2025-11-02T02:04:07 output: Failed to open mixer for "My ALSA Device": no such mixer control: PCM
2025-11-02T02:04:46 output: Failed to open mixer for "My ALSA Device": no such mixer control: PCM
2025-11-02T02:12:22 output: Failed to open mixer for "My ALSA Device": no such mixer control: PCM
2025-11-02T02:18:39 output: Failed to open mixer for "My ALSA Device": no such mixer control: PCM
2025-11-02T02:18:51 output: Failed to open mixer for "My ALSA Device": no such mixer control: PCM
2025-11-02T02:18:57 output: Failed to open mixer for "My ALSA Device": no such mixer control: PCM
2025-11-02T02:18:59 output: Failed to open mixer for "My ALSA Device": no such mixer control: PCM
2025-11-02T02:19:01 output: Failed to open mixer for "My ALSA Device": no such mixer control: PCM
2025-11-02T02:20:35 output: Failed to open mixer for "My ALSA Device": no such mixer control: PCM
2025-11-02T02:21:40 output: Failed to open mixer for "My ALSA Device": no such mixer control: PCM
2025-11-02T02:21:42 output: Failed to open mixer for "My ALSA Device": no such mixer control: PCM
2025-11-02T02:23:22 output: Failed to open mixer for "My ALSA Device": no such mixer control: PCM
2025-11-02T02:23:24 output: Failed to open mixer for "My ALSA Device": no such mixer control: PCM
2025-11-02T02:23:39 output: Failed to open mixer for "My ALSA Device": no such mixer control: PCM
2025-11-02T02:23:41 output: Failed to open mixer for "My ALSA Device": no such mixer control: PCM
2025-11-02T02:23:44 output: Failed to open mixer for "My ALSA Device": no such mixer control: PCM
2025-11-02T02:24:25 output: Failed to open mixer for "My ALSA Device": no such mixer control: PCM
2025-11-02T02:30:18 output: Failed to open mixer for "My ALSA Device": no such mixer control: PCM
2025-11-02T12:06:59 output: Failed to open mixer for "My ALSA Device": no such mixer control: PCM
2025-11-02T12:08:29 alsa_output: Decoder is too slow; playing silence to avoid xrun
2025-11-02T12:08:29 player: played "depression/11 - Nope your too late i already died.mp3"
2025-11-02T12:44:25 output: Failed to open mixer for "My ALSA Device": no such mixer control: PCM
2025-11-02T12:45:18 pipewire_output: Decoder is too slow; playing silence to avoid xrun
2025-11-02T12:45:18 pipewire_output: Decoder is too slow; playing silence to avoid xrun
2025-11-02T12:45:18 pipewire_output: Decoder is too slow; playing silence to avoid xrun
2025-11-02T12:45:18 pipewire_output: Decoder is too slow; playing silence to avoid xrun
2025-11-02T12:45:19 pipewire_output: Decoder is too slow; playing silence to avoid xrun
2025-11-02T12:45:19 pipewire_output: Decoder is too slow; playing silence to avoid xrun
2025-11-02T12:45:19 pipewire_output: Decoder is too slow; playing silence to avoid xrun
2025-11-02T12:45:20 pipewire_output: Decoder is too slow; playing silence to avoid xrun
2025-11-02T12:45:20 pipewire_output: Decoder is too slow; playing silence to avoid xrun
2025-11-02T12:45:20 pipewire_output: Decoder is too slow; playing silence to avoid xrun
2025-11-02T12:45:22 output: Failed to open mixer for "My ALSA Device": no such mixer control: PCM
2025-11-02T13:12:25 player: played "depression/06 - girlfriends￼ - New computers demo 2009.mp3"
2025-11-02T14:53:16 output: Failed to open mixer for "My ALSA Device": no such mixer control: PCM
2025-11-02T15:17:45 output: Failed to open mixer for "My ALSA Device": no such mixer control: PCM
2025-11-02T15:27:11 output: Failed to open mixer for "My ALSA Device": no such mixer control: PCM
2025-11-02T15:27:25 pipewire_output: Decoder is too slow; playing silence to avoid xrun
2025-11-02T15:27:25 pipewire_output: Decoder is too slow; playing silence to avoid xrun
2025-11-02T15:27:25 pipewire_output: Decoder is too slow; playing silence to avoid xrun
2025-11-02T15:27:26 pipewire_output: Decoder is too slow; playing silence to avoid xrun
2025-11-02T15:27:26 pipewire_output: Decoder is too slow; playing silence to avoid xrun
2025-11-02T15:27:26 pipewire_output: Decoder is too slow; playing silence to avoid xrun
2025-11-02T15:27:29 output: Failed to open mixer for "My ALSA Device": no such mixer control: PCM
2025-11-02T15:27:50 mixer: Failed to set mixer for "My ALSA Device": no such mixer control: PCM
2025-11-02T15:27:50 mixer: Failed to set mixer for "My ALSA Device": no such mixer control: PCM
2025-11-02T15:27:51 mixer: Failed to set mixer for "My ALSA Device": no such mixer control: PCM
2025-11-02T15:27:51 mixer: Failed to set mixer for "My ALSA Device": no such mixer control: PCM
2025-11-02T15:27:51 mixer: Failed to set mixer for "My ALSA Device": no such mixer control: PCM
2025-11-02T15:27:51 mixer: Failed to set mixer for "My ALSA Device": no such mixer control: PCM
2025-11-02T15:27:53 mixer: Failed to set mixer for "My ALSA Device": no such mixer control: PCM
2025-11-02T15:27:53 mixer: Failed to set mixer for "My ALSA Device": no such mixer control: PCM
2025-11-02T15:27:53 mixer: Failed to set mixer for "My ALSA Device": no such mixer control: PCM
2025-11-02T15:27:53 mixer: Failed to set mixer for "My ALSA Device": no such mixer control: PCM
2025-11-02T15:27:54 mixer: Failed to set mixer for "My ALSA Device": no such mixer control: PCM
2025-11-02T15:27:54 mixer: Failed to set mixer for "My ALSA Device": no such mixer control: PCM
2025-11-02T15:27:54 mixer: Failed to set mixer for "My ALSA Device": no such mixer control: PCM
2025-11-02T15:27:54 mixer: Failed to set mixer for "My ALSA Device": no such mixer control: PCM
2025-11-02T15:27:55 mixer: Failed to set mixer for "My ALSA Device": no such mixer control: PCM
2025-11-02T15:27:55 mixer: Failed to set mixer for "My ALSA Device": no such mixer control: PCM
2025-11-02T15:27:55 mixer: Failed to set mixer for "My ALSA Device": no such mixer control: PCM
2025-11-02T15:27:55 mixer: Failed to set mixer for "My ALSA Device": no such mixer control: PCM
2025-11-02T15:27:55 mixer: Failed to set mixer for "My ALSA Device": no such mixer control: PCM
2025-11-02T15:27:55 mixer: Failed to set mixer for "My ALSA Device": no such mixer control: PCM
2025-11-02T15:27:56 mixer: Failed to set mixer for "My ALSA Device": no such mixer control: PCM
2025-11-02T15:27:56 mixer: Failed to set mixer for "My ALSA Device": no such mixer control: PCM
2025-11-02T15:27:57 mixer: Failed to set mixer for "My ALSA Device": no such mixer control: PCM
2025-11-02T15:27:58 mixer: Failed to set mixer for "My ALSA Device": no such mixer control: PCM
2025-11-02T15:27:58 mixer: Failed to set mixer for "My ALSA Device": no such mixer control: PCM
2025-11-02T15:27:58 mixer: Failed to set mixer for "My ALSA Device": no such mixer control: PCM
2025-11-02T15:28:08 pipewire_output: Decoder is too slow; playing silence to avoid xrun
2025-11-02T15:28:08 pipewire_output: Decoder is too slow; playing silence to avoid xrun
2025-11-02T15:28:08 pipewire_output: Decoder is too slow; playing silence to avoid xrun
2025-11-02T15:28:08 pipewire_output: Decoder is too slow; playing silence to avoid xrun
2025-11-02T15:28:09 pipewire_output: Decoder is too slow; playing silence to avoid xrun
2025-11-02T15:28:09 pipewire_output: Decoder is too slow; playing silence to avoid xrun
2025-11-02T15:28:09 pipewire_output: Decoder is too slow; playing silence to avoid xrun
2025-11-02T15:28:09 pipewire_output: Decoder is too slow; playing silence to avoid xrun
2025-11-02T15:28:10 pipewire_output: Decoder is too slow; playing silence to avoid xrun
2025-11-02T15:28:10 pipewire_output: Decoder is too slow; playing silence to avoid xrun
2025-11-02T15:28:10 pipewire_output: Decoder is too slow; playing silence to avoid xrun
2025-11-02T15:28:10 pipewire_output: Decoder is too slow; playing silence to avoid xrun
2025-11-02T15:28:11 pipewire_output: Decoder is too slow; playing silence to avoid xrun
2025-11-02T15:28:12 output: Failed to open mixer for "My ALSA Device": no such mixer control: PCM
2025-11-02T15:28:18 output: Failed to open mixer for "My ALSA Device": no such mixer control: PCM
2025-11-02T15:28:43 output: Failed to open mixer for "My ALSA Device": no such mixer control: PCM
2025-11-02T15:28:46 output: Failed to open mixer for "My ALSA Device": no such mixer control: PCM
2025-11-02T15:37:55 output: Failed to open mixer for "My ALSA Device": no such mixer control: PCM
2025-11-02T15:37:58 pipewire_output: Decoder is too slow; playing silence to avoid xrun
2025-11-02T15:37:58 pipewire_output: Decoder is too slow; playing silence to avoid xrun
2025-11-02T15:37:58 pipewire_output: Decoder is too slow; playing silence to avoid xrun
2025-11-02T15:37:58 pipewire_output: Decoder is too slow; playing silence to avoid xrun
2025-11-02T15:37:59 pipewire_output: Decoder is too slow; playing silence to avoid xrun
2025-11-02T15:37:59 pipewire_output: Decoder is too slow; playing silence to avoid xrun
2025-11-02T15:37:59 pipewire_output: Decoder is too slow; playing silence to avoid xrun
2025-11-02T15:37:59 pipewire_output: Decoder is too slow; playing silence to avoid xrun
2025-11-02T15:38:00 pipewire_output: Decoder is too slow; playing silence to avoid xrun
2025-11-02T15:38:00 pipewire_output: Decoder is too slow; playing silence to avoid xrun
2025-11-02T15:38:00 pipewire_output: Decoder is too slow; playing silence to avoid xrun
2025-11-02T15:38:00 pipewire_output: Decoder is too slow; playing silence to avoid xrun
2025-11-02T15:38:02 output: Failed to open mixer for "My ALSA Device": no such mixer control: PCM
2025-11-02T15:38:08 output: Failed to open mixer for "My ALSA Device": no such mixer control: PCM
2025-11-02T16:11:01 player: played "hyperfocues/01 - 404.mp3"
2025-11-02T16:12:10 output: Failed to open mixer for "My ALSA Device": no such mixer control: PCM
2025-11-02T16:12:13 pipewire_output: Decoder is too slow; playing silence to avoid xrun
2025-11-02T16:12:14 pipewire_output: Decoder is too slow; playing silence to avoid xrun
2025-11-02T16:12:14 pipewire_output: Decoder is too slow; playing silence to avoid xrun
2025-11-02T16:12:14 pipewire_output: Decoder is too slow; playing silence to avoid xrun
2025-11-02T16:12:14 pipewire_output: Decoder is too slow; playing silence to avoid xrun
2025-11-02T16:12:15 pipewire_output: Decoder is too slow; playing silence to avoid xrun
2025-11-02T16:12:15 pipewire_output: Decoder is too slow; playing silence to avoid xrun
2025-11-02T16:12:15 pipewire_output: Decoder is too slow; playing silence to avoid xrun
2025-11-02T16:12:19 pipewire_output: Decoder is too slow; playing silence to avoid xrun
2025-11-02T16:12:21 pipewire_output: Decoder is too slow; playing silence to avoid xrun
2025-11-02T16:12:21 pipewire_output: Decoder is too slow; playing silence to avoid xrun
2025-11-02T16:12:21 pipewire_output: Decoder is too slow; playing silence to avoid xrun
2025-11-02T16:12:22 pipewire_output: Decoder is too slow; playing silence to avoid xrun
2025-11-02T16:12:22 pipewire_output: Decoder is too slow; playing silence to avoid xrun
2025-11-02T16:12:22 pipewire_output: Decoder is too slow; playing silence to avoid xrun
2025-11-02T16:12:23 pipewire_output: Decoder is too slow; playing silence to avoid xrun
2025-11-02T16:12:24 output: Failed to open mixer for "My ALSA Device": no such mixer control: PCM
2025-11-02T16:12:28 output: Failed to open mixer for "My ALSA Device": no such mixer control: PCM
2025-11-02T16:25:42 player: played "depression/04 - cannot get over you.mp3"
2025-11-02T16:25:42 player: played "hyperfocues/12 - LESBIAN FURRY RAVE.mp3"
2025-11-02T16:30:06 mixer: Failed to read mixer for "My ALSA Device": no such mixer control: PCM
2025-11-02T16:38:39 player: played "hyperfocues/12 - LESBIAN FURRY RAVE.mp3"
2025-11-02T16:38:59 output: Failed to open mixer for "My ALSA Device": no such mixer control: PCM
2025-11-03T20:01:33 exception: Failed to open "My ALSA Device" (alsa); Failed to open ALSA device "hw:0,0": Device or resource busy
2025-11-03T20:01:52 exception: Failed to open "My ALSA Device" (alsa); Failed to open ALSA device "hw:0,0": Device or resource busy
2025-11-03T20:01:53 exception: Failed to open "My ALSA Device" (alsa); Failed to open ALSA device "hw:0,0": Device or resource busy
2025-11-03T20:02:12 exception: Failed to open "My ALSA Device" (alsa); Failed to open ALSA device "hw:0,0": Device or resource busy
2025-11-03T20:02:13 mixer: Failed to read mixer for "My ALSA Device": no such mixer control: PCM
2025-11-03T20:02:25 exception: Failed to open "My ALSA Device" (alsa); Failed to open ALSA device "hw:0,0": Device or resource busy
2025-11-03T20:06:00 player: played "depression/07 - 曇心.mp3"
2025-11-03T20:06:00 exception: Failed to open "My ALSA Device" (alsa); Failed to open ALSA device "hw:0,0": Device or resource busy
2025-11-03T20:08:18 player: played "hyperfocues/01 - 404.mp3"
2025-11-03T20:08:18 exception: Failed to open "My ALSA Device" (alsa); Failed to open ALSA device "hw:0,0": Device or resource busy
2025-11-03T20:11:59 player: played "hyperfocues/10 - TWISTED GARDEN (Nameless Deity Theme) [Remix].mp3"
2025-11-03T20:11:59 exception: Failed to open "My ALSA Device" (alsa); Failed to open ALSA device "hw:0,0": Device or resource busy
2025-11-03T20:14:26 player: played "hyperfocues/07 - Love Zombie.mp3"
2025-11-03T20:14:26 exception: Failed to open "My ALSA Device" (alsa); Failed to open ALSA device "hw:0,0": Device or resource busy
2025-11-03T20:16:43 player: played "hyperfocues/14 - milkypossum - BUTT3RFLi3S.mp3"
2025-11-03T20:16:43 exception: Failed to open "My ALSA Device" (alsa); Failed to open ALSA device "hw:0,0": Device or resource busy
2025-11-03T20:18:51 player: played "hyperfocues/16 - Die Young.mp3"
2025-11-03T20:18:51 exception: Failed to open "My ALSA Device" (alsa); Failed to open ALSA device "hw:0,0": Device or resource busy
2025-11-03T20:21:09 player: played "depression/05 - i told you i said i was okay.mp3"
2025-11-03T20:21:09 exception: Failed to open "My ALSA Device" (alsa); Failed to open ALSA device "hw:0,0": Device or resource busy
2025-11-03T20:24:29 player: played "depression/03 - fivefivefive.mp3"
2025-11-03T20:24:29 exception: Failed to open "My ALSA Device" (alsa); Failed to open ALSA device "hw:0,0": Device or resource busy
2025-11-03T20:27:07 player: played "depression/08 - New Flesh.mp3"
2025-11-03T20:27:07 exception: Failed to open "My ALSA Device" (alsa); Failed to open ALSA device "hw:0,0": Device or resource busy
2025-11-03T20:32:31 player: played "depression/13 - night is young.mp3"
2025-11-03T20:32:31 exception: Failed to open "My ALSA Device" (alsa); Failed to open ALSA device "hw:0,0": Device or resource busy
2025-11-03T20:39:35 player: played "depression/15 - AO..mp3"
2025-11-03T20:39:35 exception: Failed to open "My ALSA Device" (alsa); Failed to open ALSA device "hw:0,0": Device or resource busy
2025-11-03T20:44:38 player: played "depression/01 - I Want You By My Side.mp3"
2025-11-03T20:44:38 exception: Failed to open "My ALSA Device" (alsa); Failed to open ALSA device "hw:0,0": Device or resource busy
2025-11-03T20:47:41 player: played "hyperfocues/02 - Laur - Calamity of the Mystic Garden ： Doom.mp3"
2025-11-03T20:47:41 exception: Failed to open "My ALSA Device" (alsa); Failed to open ALSA device "hw:0,0": Device or resource busy
2025-11-03T20:50:20 player: played "hyperfocues/11 - tn-shi - lol who cares.mp3"
2025-11-03T20:50:20 exception: Failed to open "My ALSA Device" (alsa); Failed to open ALSA device "hw:0,0": Device or resource busy
2025-11-03T20:52:24 player: played "hyperfocues/12 - LESBIAN FURRY RAVE.mp3"
2025-11-03T20:52:24 exception: Failed to open "My ALSA Device" (alsa); Failed to open ALSA device "hw:0,0": Device or resource busy
2025-11-03T20:55:24 player: played "hyperfocues/03 - adhd music for FURRIES!!!.mp3"
2025-11-03T20:55:24 exception: Failed to open "My ALSA Device" (alsa); Failed to open ALSA device "hw:0,0": Device or resource busy
2025-11-03T20:56:49 player: played "depression/11 - Nope your too late i already died.mp3"
2025-11-03T20:56:49 exception: Failed to open "My ALSA Device" (alsa); Failed to open ALSA device "hw:0,0": Device or resource busy
2025-11-03T20:58:39 player: played "hyperfocues/08 - girls just want 2 have fun.mp3"
2025-11-03T20:58:39 exception: Failed to open "My ALSA Device" (alsa); Failed to open ALSA device "hw:0,0": Device or resource busy
2025-11-03T21:04:18 player: played "depression/02 - Crystal of Faded Childhood.mp3"
2025-11-03T21:04:18 exception: Failed to open "My ALSA Device" (alsa); Failed to open ALSA device "hw:0,0": Device or resource busy
2025-11-03T21:06:55 player: played "depression/14 - soon.mp3"
2025-11-03T21:06:55 exception: Failed to open "My ALSA Device" (alsa); Failed to open ALSA device "hw:0,0": Device or resource busy
2025-11-03T21:09:29 player: played "depression/04 - cannot get over you.mp3"
2025-11-03T21:09:29 exception: Failed to open "My ALSA Device" (alsa); Failed to open ALSA device "hw:0,0": Device or resource busy
2025-11-03T21:13:18 player: played "depression/09 - goodnight moon.mp3"
2025-11-03T21:13:18 exception: Failed to open "My ALSA Device" (alsa); Failed to open ALSA device "hw:0,0": Device or resource busy
2025-11-03T21:15:11 player: played "hyperfocues/05 - Beautiful Princess Disorder.mp3"
2025-11-03T21:15:11 exception: Failed to open "My ALSA Device" (alsa); Failed to open ALSA device "hw:0,0": Device or resource busy
2025-11-03T21:18:44 player: played "depression/16 - All I Wanted.mp3"
2025-11-03T21:18:44 exception: Failed to open "My ALSA Device" (alsa); Failed to open ALSA device "hw:0,0": Device or resource busy
2025-11-03T21:20:39 player: played "hyperfocues/09 - snow.mp3"
2025-11-03T21:20:39 exception: Failed to open "My ALSA Device" (alsa); Failed to open ALSA device "hw:0,0": Device or resource busy
2025-11-03T21:22:46 player: played "depression/10 - icantbelieveiletyougetaway.mp3"
2025-11-03T21:22:46 exception: Failed to open "My ALSA Device" (alsa); Failed to open ALSA device "hw:0,0": Device or resource busy
2025-11-03T21:25:10 player: played "hyperfocues/15 - KID PIX.mp3"
2025-11-03T21:25:10 exception: Failed to open "My ALSA Device" (alsa); Failed to open ALSA device "hw:0,0": Device or resource busy
2025-11-03T21:29:49 player: played "depression/12 - new house.mp3"
2025-11-03T21:29:49 exception: Failed to open "My ALSA Device" (alsa); Failed to open ALSA device "hw:0,0": Device or resource busy
2025-11-03T21:32:09 player: played "depression/06 - girlfriends￼ - New computers demo 2009.mp3"
2025-11-03T21:32:09 exception: Failed to open "My ALSA Device" (alsa); Failed to open ALSA device "hw:0,0": Device or resource busy
2025-11-03T21:34:17 player: played "hyperfocues/04 - K1LL SOMEBODY.mp3"
2025-11-03T21:34:17 exception: Failed to open "My ALSA Device" (alsa); Failed to open ALSA device "hw:0,0": Device or resource busy
2025-11-03T21:37:33 player: played "hyperfocues/13 - PK RAVE (feat. Glidelas).mp3"
2025-11-03T21:37:33 exception: Failed to open "My ALSA Device" (alsa); Failed to open ALSA device "hw:0,0": Device or resource busy
2025-11-03T21:40:53 player: played "hyperfocues/06 - DIVINE.mp3"
2025-11-03T21:43:52 output: Failed to open mixer for "My ALSA Device": no such mixer control: PCM
2025-11-03T21:44:30 output: Failed to open mixer for "My ALSA Device": no such mixer control: PCM
2025-11-03T21:45:03 output: Failed to open mixer for "My ALSA Device": no such mixer control: PCM
2025-11-03T21:45:07 output: Failed to open mixer for "My ALSA Device": no such mixer control: PCM
2025-11-03T21:47:42 mixer: Failed to read mixer for "My ALSA Device": no such mixer control: PCM
2025-11-03T21:47:45 output: Failed to open mixer for "My ALSA Device": no such mixer control: PCM
2025-11-03T21:47:46 mixer: Failed to set mixer for "My ALSA Device": no such mixer control: PCM
2025-11-03T21:47:46 mixer: Failed to set mixer for "My ALSA Device": no such mixer control: PCM
2025-11-03T21:47:46 mixer: Failed to set mixer for "My ALSA Device": no such mixer control: PCM
2025-11-03T21:47:46 mixer: Failed to set mixer for "My ALSA Device": no such mixer control: PCM
2025-11-03T21:47:46 mixer: Failed to set mixer for "My ALSA Device": no such mixer control: PCM
2025-11-03T21:47:46 mixer: Failed to set mixer for "My ALSA Device": no such mixer control: PCM
2025-11-03T21:47:47 mixer: Failed to set mixer for "My ALSA Device": no such mixer control: PCM
2025-11-03T21:47:47 mixer: Failed to set mixer for "My ALSA Device": no such mixer control: PCM
2025-11-03T21:47:47 mixer: Failed to set mixer for "My ALSA Device": no such mixer control: PCM
2025-11-03T21:47:47 mixer: Failed to set mixer for "My ALSA Device": no such mixer control: PCM
2025-11-03T21:47:47 mixer: Failed to set mixer for "My ALSA Device": no such mixer control: PCM
2025-11-03T21:47:47 mixer: Failed to set mixer for "My ALSA Device": no such mixer control: PCM
2025-11-03T21:47:47 mixer: Failed to set mixer for "My ALSA Device": no such mixer control: PCM
2025-11-03T21:47:47 mixer: Failed to set mixer for "My ALSA Device": no such mixer control: PCM
2025-11-03T21:47:47 mixer: Failed to set mixer for "My ALSA Device": no such mixer control: PCM
2025-11-03T21:47:47 mixer: Failed to set mixer for "My ALSA Device": no such mixer control: PCM
2025-11-03T21:47:59 mixer: Failed to set mixer for "My ALSA Device": no such mixer control: PCM
2025-11-03T21:48:00 mixer: Failed to set mixer for "My ALSA Device": no such mixer control: PCM
2025-11-03T21:48:00 mixer: Failed to set mixer for "My ALSA Device": no such mixer control: PCM
2025-11-03T21:48:00 mixer: Failed to set mixer for "My ALSA Device": no such mixer control: PCM
2025-11-03T21:48:00 mixer: Failed to set mixer for "My ALSA Device": no such mixer control: PCM
2025-11-03T21:48:01 mixer: Failed to set mixer for "My ALSA Device": no such mixer control: PCM
2025-11-03T21:48:01 mixer: Failed to set mixer for "My ALSA Device": no such mixer control: PCM
2025-11-03T21:48:01 mixer: Failed to set mixer for "My ALSA Device": no such mixer control: PCM
2025-11-03T21:48:01 mixer: Failed to set mixer for "My ALSA Device": no such mixer control: PCM
2025-11-03T21:48:01 mixer: Failed to set mixer for "My ALSA Device": no such mixer control: PCM
2025-11-03T21:48:01 mixer: Failed to set mixer for "My ALSA Device": no such mixer control: PCM
2025-11-03T21:48:01 mixer: Failed to set mixer for "My ALSA Device": no such mixer control: PCM
2025-11-03T21:48:01 mixer: Failed to set mixer for "My ALSA Device": no such mixer control: PCM
2025-11-03T21:48:01 mixer: Failed to set mixer for "My ALSA Device": no such mixer control: PCM
2025-11-03T21:48:01 mixer: Failed to set mixer for "My ALSA Device": no such mixer control: PCM
2025-11-03T21:48:01 mixer: Failed to set mixer for "My ALSA Device": no such mixer control: PCM
2025-11-03T21:48:01 mixer: Failed to set mixer for "My ALSA Device": no such mixer control: PCM
2025-11-03T21:48:01 mixer: Failed to set mixer for "My ALSA Device": no such mixer control: PCM
2025-11-03T21:48:01 mixer: Failed to set mixer for "My ALSA Device": no such mixer control: PCM
2025-11-03T21:48:01 mixer: Failed to set mixer for "My ALSA Device": no such mixer control: PCM
2025-11-03T21:48:09 output: Failed to open mixer for "My ALSA Device": no such mixer control: PCM
2025-11-03T21:48:12 mixer: Failed to set mixer for "My ALSA Device": no such mixer control: PCM
2025-11-03T21:48:13 mixer: Failed to set mixer for "My ALSA Device": no such mixer control: PCM
2025-11-03T21:48:14 mixer: Failed to set mixer for "My ALSA Device": no such mixer control: PCM
2025-11-03T21:48:14 mixer: Failed to set mixer for "My ALSA Device": no such mixer control: PCM
2025-11-03T21:48:14 mixer: Failed to set mixer for "My ALSA Device": no such mixer control: PCM
2025-11-03T21:48:14 mixer: Failed to set mixer for "My ALSA Device": no such mixer control: PCM
2025-11-03T21:48:14 mixer: Failed to set mixer for "My ALSA Device": no such mixer control: PCM
2025-11-03T21:48:14 mixer: Failed to set mixer for "My ALSA Device": no such mixer control: PCM
2025-11-03T21:48:14 mixer: Failed to set mixer for "My ALSA Device": no such mixer control: PCM
2025-11-03T21:48:14 mixer: Failed to set mixer for "My ALSA Device": no such mixer control: PCM
2025-11-03T21:48:14 mixer: Failed to set mixer for "My ALSA Device": no such mixer control: PCM
2025-11-03T21:48:14 mixer: Failed to set mixer for "My ALSA Device": no such mixer control: PCM
2025-11-03T21:48:14 mixer: Failed to set mixer for "My ALSA Device": no such mixer control: PCM
2025-11-03T21:48:14 mixer: Failed to set mixer for "My ALSA Device": no such mixer control: PCM
2025-11-03T21:48:14 mixer: Failed to set mixer for "My ALSA Device": no such mixer control: PCM
2025-11-03T21:48:14 mixer: Failed to set mixer for "My ALSA Device": no such mixer control: PCM
2025-11-03T21:48:15 mixer: Failed to set mixer for "My ALSA Device": no such mixer control: PCM
2025-11-03T21:48:22 mixer: Failed to set mixer for "My ALSA Device": no such mixer control: PCM
2025-11-03T21:48:22 mixer: Failed to set mixer for "My ALSA Device": no such mixer control: PCM
2025-11-03T21:48:22 mixer: Failed to set mixer for "My ALSA Device": no such mixer control: PCM
2025-11-03T21:48:35 output: Failed to open mixer for "My ALSA Device": no such mixer control: PCM
2025-11-03T21:48:42 output: Failed to open mixer for "My ALSA Device": no such mixer control: PCM
2025-11-03T21:48:49 player: played "depression/01 - I Want You By My Side.mp3"
2025-11-03T21:48:49 player: played "depression/01 - I Want You By My Side.mp3"
2025-11-03T21:48:49 player: played "depression/01 - I Want You By My Side.mp3"
2025-11-03T21:48:49 player: played "depression/07 - 曇心.mp3"
2025-11-03T21:48:57 output: Failed to open mixer for "My ALSA Device": no such mixer control: PCM
2025-11-03T21:49:01 output: Failed to open mixer for "My ALSA Device": no such mixer control: PCM
2025-11-03T21:49:05 mixer: Failed to set mixer for "My ALSA Device": no such mixer control: PCM
2025-11-03T21:49:05 mixer: Failed to set mixer for "My ALSA Device": no such mixer control: PCM
2025-11-03T21:49:06 mixer: Failed to set mixer for "My ALSA Device": no such mixer control: PCM
2025-11-03T21:49:06 mixer: Failed to set mixer for "My ALSA Device": no such mixer control: PCM
2025-11-03T21:49:06 mixer: Failed to set mixer for "My ALSA Device": no such mixer control: PCM
2025-11-03T21:49:06 mixer: Failed to set mixer for "My ALSA Device": no such mixer control: PCM
2025-11-03T21:49:06 mixer: Failed to set mixer for "My ALSA Device": no such mixer control: PCM
2025-11-03T21:49:07 mixer: Failed to set mixer for "My ALSA Device": no such mixer control: PCM
2025-11-03T21:49:07 mixer: Failed to set mixer for "My ALSA Device": no such mixer control: PCM
2025-11-03T21:49:07 mixer: Failed to set mixer for "My ALSA Device": no such mixer control: PCM
2025-11-03T21:49:07 mixer: Failed to set mixer for "My ALSA Device": no such mixer control: PCM
2025-11-03T21:49:07 mixer: Failed to set mixer for "My ALSA Device": no such mixer control: PCM
2025-11-03T21:49:07 mixer: Failed to set mixer for "My ALSA Device": no such mixer control: PCM
2025-11-03T21:49:07 mixer: Failed to set mixer for "My ALSA Device": no such mixer control: PCM
2025-11-03T21:49:07 mixer: Failed to set mixer for "My ALSA Device": no such mixer control: PCM
2025-11-03T21:49:07 mixer: Failed to set mixer for "My ALSA Device": no such mixer control: PCM
2025-11-03T21:49:07 mixer: Failed to set mixer for "My ALSA Device": no such mixer control: PCM
2025-11-03T21:49:07 mixer: Failed to set mixer for "My ALSA Device": no such mixer control: PCM
2025-11-03T21:49:07 mixer: Failed to set mixer for "My ALSA Device": no such mixer control: PCM
2025-11-03T21:49:07 mixer: Failed to set mixer for "My ALSA Device": no such mixer control: PCM
2025-11-03T21:49:11 mixer: Failed to set mixer for "My ALSA Device": no such mixer control: PCM
2025-11-03T21:49:11 mixer: Failed to set mixer for "My ALSA Device": no such mixer control: PCM
2025-11-03T21:49:11 mixer: Failed to set mixer for "My ALSA Device": no such mixer control: PCM
2025-11-03T21:49:12 mixer: Failed to set mixer for "My ALSA Device": no such mixer control: PCM
2025-11-03T21:49:12 mixer: Failed to set mixer for "My ALSA Device": no such mixer control: PCM
2025-11-03T21:49:12 mixer: Failed to set mixer for "My ALSA Device": no such mixer control: PCM
2025-11-03T21:49:12 mixer: Failed to set mixer for "My ALSA Device": no such mixer control: PCM
2025-11-03T21:49:12 mixer: Failed to set mixer for "My ALSA Device": no such mixer control: PCM
2025-11-03T21:49:12 mixer: Failed to set mixer for "My ALSA Device": no such mixer control: PCM
2025-11-03T21:49:12 mixer: Failed to set mixer for "My ALSA Device": no such mixer control: PCM
2025-11-03T21:49:12 mixer: Failed to set mixer for "My ALSA Device": no such mixer control: PCM
2025-11-03T21:49:12 mixer: Failed to set mixer for "My ALSA Device": no such mixer control: PCM
2025-11-03T21:49:12 mixer: Failed to set mixer for "My ALSA Device": no such mixer control: PCM
2025-11-03T21:49:12 mixer: Failed to set mixer for "My ALSA Device": no such mixer control: PCM
2025-11-03T21:49:12 mixer: Failed to set mixer for "My ALSA Device": no such mixer control: PCM
2025-11-03T21:49:12 mixer: Failed to set mixer for "My ALSA Device": no such mixer control: PCM
2025-11-03T21:49:12 mixer: Failed to set mixer for "My ALSA Device": no such mixer control: PCM
2025-11-03T21:49:12 mixer: Failed to set mixer for "My ALSA Device": no such mixer control: PCM
2025-11-03T21:49:12 mixer: Failed to set mixer for "My ALSA Device": no such mixer control: PCM
2025-11-03T21:49:12 mixer: Failed to set mixer for "My ALSA Device": no such mixer control: PCM
2025-11-03T21:49:17 mixer: Failed to set mixer for "My ALSA Device": no such mixer control: PCM
2025-11-03T21:49:18 mixer: Failed to set mixer for "My ALSA Device": no such mixer control: PCM
2025-11-03T21:49:18 mixer: Failed to set mixer for "My ALSA Device": no such mixer control: PCM
2025-11-03T21:49:18 mixer: Failed to set mixer for "My ALSA Device": no such mixer control: PCM
2025-11-03T21:49:18 mixer: Failed to set mixer for "My ALSA Device": no such mixer control: PCM
2025-11-03T21:49:18 mixer: Failed to set mixer for "My ALSA Device": no such mixer control: PCM
2025-11-03T21:49:18 mixer: Failed to set mixer for "My ALSA Device": no such mixer control: PCM
2025-11-03T21:49:18 mixer: Failed to set mixer for "My ALSA Device": no such mixer control: PCM
2025-11-03T21:49:18 mixer: Failed to set mixer for "My ALSA Device": no such mixer control: PCM
2025-11-03T21:49:18 mixer: Failed to set mixer for "My ALSA Device": no such mixer control: PCM
2025-11-03T21:49:18 mixer: Failed to set mixer for "My ALSA Device": no such mixer control: PCM
2025-11-03T21:49:18 mixer: Failed to set mixer for "My ALSA Device": no such mixer control: PCM
2025-11-03T21:49:18 mixer: Failed to set mixer for "My ALSA Device": no such mixer control: PCM
2025-11-03T21:49:18 mixer: Failed to set mixer for "My ALSA Device": no such mixer control: PCM
2025-11-03T21:49:18 mixer: Failed to set mixer for "My ALSA Device": no such mixer control: PCM
2025-11-03T21:49:18 mixer: Failed to set mixer for "My ALSA Device": no such mixer control: PCM
2025-11-03T21:49:18 mixer: Failed to set mixer for "My ALSA Device": no such mixer control: PCM
2025-11-03T21:49:18 mixer: Failed to set mixer for "My ALSA Device": no such mixer control: PCM
2025-11-03T21:49:18 mixer: Failed to set mixer for "My ALSA Device": no such mixer control: PCM
2025-11-03T21:49:18 mixer: Failed to set mixer for "My ALSA Device": no such mixer control: PCM
2025-11-03T21:51:10 output: Failed to open mixer for "My ALSA Device": no such mixer control: PCM
2025-11-03T21:51:20 player: played "depression/01 - I Want You By My Side.mp3"
2025-11-03T21:52:52 mixer: Failed to read mixer for "My ALSA Device": no such mixer control: PCM
2025-11-03T21:52:54 output: Failed to open mixer for "My ALSA Device": no such mixer control: PCM
2025-11-03T21:52:55 mixer: Failed to set mixer for "My ALSA Device": no such mixer control: PCM
2025-11-03T21:52:55 mixer: Failed to set mixer for "My ALSA Device": no such mixer control: PCM
2025-11-03T21:52:55 mixer: Failed to set mixer for "My ALSA Device": no such mixer control: PCM
2025-11-03T21:52:55 mixer: Failed to set mixer for "My ALSA Device": no such mixer control: PCM
2025-11-03T21:52:55 mixer: Failed to set mixer for "My ALSA Device": no such mixer control: PCM
2025-11-03T21:52:56 mixer: Failed to set mixer for "My ALSA Device": no such mixer control: PCM
2025-11-03T21:52:56 mixer: Failed to set mixer for "My ALSA Device": no such mixer control: PCM
2025-11-03T21:52:56 mixer: Failed to set mixer for "My ALSA Device": no such mixer control: PCM
2025-11-03T21:52:56 mixer: Failed to set mixer for "My ALSA Device": no such mixer control: PCM
2025-11-03T21:52:56 mixer: Failed to set mixer for "My ALSA Device": no such mixer control: PCM
2025-11-03T21:52:56 mixer: Failed to set mixer for "My ALSA Device": no such mixer control: PCM
2025-11-03T21:52:56 mixer: Failed to set mixer for "My ALSA Device": no such mixer control: PCM
2025-11-03T21:52:56 mixer: Failed to set mixer for "My ALSA Device": no such mixer control: PCM
2025-11-03T21:52:56 mixer: Failed to set mixer for "My ALSA Device": no such mixer control: PCM
2025-11-03T21:52:56 mixer: Failed to set mixer for "My ALSA Device": no such mixer control: PCM
2025-11-03T21:52:56 mixer: Failed to set mixer for "My ALSA Device": no such mixer control: PCM
2025-11-03T21:52:56 mixer: Failed to set mixer for "My ALSA Device": no such mixer control: PCM
2025-11-03T21:52:56 mixer: Failed to set mixer for "My ALSA Device": no such mixer control: PCM
2025-11-03T21:52:56 mixer: Failed to set mixer for "My ALSA Device": no such mixer control: PCM
2025-11-03T21:52:56 mixer: Failed to set mixer for "My ALSA Device": no such mixer control: PCM
2025-11-03T21:53:02 mixer: Failed to set mixer for "My ALSA Device": no such mixer control: PCM
2025-11-03T21:53:03 mixer: Failed to set mixer for "My ALSA Device": no such mixer control: PCM
2025-11-03T21:53:03 mixer: Failed to set mixer for "My ALSA Device": no such mixer control: PCM
2025-11-03T21:53:03 mixer: Failed to set mixer for "My ALSA Device": no such mixer control: PCM
2025-11-03T21:53:03 mixer: Failed to set mixer for "My ALSA Device": no such mixer control: PCM
2025-11-03T21:53:03 mixer: Failed to set mixer for "My ALSA Device": no such mixer control: PCM
2025-11-03T21:53:03 mixer: Failed to set mixer for "My ALSA Device": no such mixer control: PCM
2025-11-03T21:53:03 mixer: Failed to set mixer for "My ALSA Device": no such mixer control: PCM
2025-11-03T21:53:03 mixer: Failed to set mixer for "My ALSA Device": no such mixer control: PCM
2025-11-03T21:53:03 mixer: Failed to set mixer for "My ALSA Device": no such mixer control: PCM
2025-11-03T21:53:03 mixer: Failed to set mixer for "My ALSA Device": no such mixer control: PCM
2025-11-03T21:53:03 mixer: Failed to set mixer for "My ALSA Device": no such mixer control: PCM
2025-11-03T21:53:03 mixer: Failed to set mixer for "My ALSA Device": no such mixer control: PCM
2025-11-03T21:53:03 mixer: Failed to set mixer for "My ALSA Device": no such mixer control: PCM
2025-11-03T21:53:03 mixer: Failed to set mixer for "My ALSA Device": no such mixer control: PCM
2025-11-03T21:53:03 mixer: Failed to set mixer for "My ALSA Device": no such mixer control: PCM
2025-11-03T21:53:04 mixer: Failed to set mixer for "My ALSA Device": no such mixer control: PCM
2025-11-03T21:53:04 mixer: Failed to set mixer for "My ALSA Device": no such mixer control: PCM
2025-11-03T21:53:04 mixer: Failed to set mixer for "My ALSA Device": no such mixer control: PCM
2025-11-03T21:53:04 mixer: Failed to set mixer for "My ALSA Device": no such mixer control: PCM
2025-11-03T21:53:14 player: played "depression/01 - I Want You By My Side.mp3"
2025-11-03T22:00:51 mixer: Failed to read mixer for "My ALSA Device": no such mixer control: PCM
2025-11-03T22:00:54 output: Failed to open mixer for "My ALSA Device": no such mixer control: PCM
2025-11-03T22:01:04 mixer: Failed to set mixer for "My ALSA Device": no such mixer control: PCM
2025-11-03T22:01:04 mixer: Failed to set mixer for "My ALSA Device": no such mixer control: PCM
2025-11-03T22:01:04 mixer: Failed to set mixer for "My ALSA Device": no such mixer control: PCM
2025-11-03T22:01:05 mixer: Failed to set mixer for "My ALSA Device": no such mixer control: PCM
2025-11-03T22:01:05 mixer: Failed to set mixer for "My ALSA Device": no such mixer control: PCM
2025-11-03T22:01:05 mixer: Failed to set mixer for "My ALSA Device": no such mixer control: PCM
2025-11-03T22:01:05 mixer: Failed to set mixer for "My ALSA Device": no such mixer control: PCM
2025-11-03T22:01:05 mixer: Failed to set mixer for "My ALSA Device": no such mixer control: PCM
2025-11-03T22:01:05 mixer: Failed to set mixer for "My ALSA Device": no such mixer control: PCM
2025-11-03T22:01:05 mixer: Failed to set mixer for "My ALSA Device": no such mixer control: PCM
2025-11-03T22:01:05 mixer: Failed to set mixer for "My ALSA Device": no such mixer control: PCM
2025-11-03T22:01:05 mixer: Failed to set mixer for "My ALSA Device": no such mixer control: PCM
2025-11-03T22:01:05 mixer: Failed to set mixer for "My ALSA Device": no such mixer control: PCM
2025-11-03T22:01:05 mixer: Failed to set mixer for "My ALSA Device": no such mixer control: PCM
2025-11-03T22:01:05 mixer: Failed to set mixer for "My ALSA Device": no such mixer control: PCM
2025-11-03T22:01:05 mixer: Failed to set mixer for "My ALSA Device": no such mixer control: PCM
2025-11-03T22:01:05 mixer: Failed to set mixer for "My ALSA Device": no such mixer control: PCM
2025-11-03T22:01:05 mixer: Failed to set mixer for "My ALSA Device": no such mixer control: PCM
2025-11-03T22:01:05 mixer: Failed to set mixer for "My ALSA Device": no such mixer control: PCM
2025-11-03T22:01:05 mixer: Failed to set mixer for "My ALSA Device": no such mixer control: PCM
2025-11-03T22:01:10 mixer: Failed to set mixer for "My ALSA Device": no such mixer control: PCM
2025-11-03T22:01:11 mixer: Failed to set mixer for "My ALSA Device": no such mixer control: PCM
2025-11-03T22:01:11 mixer: Failed to set mixer for "My ALSA Device": no such mixer control: PCM
2025-11-03T22:01:11 mixer: Failed to set mixer for "My ALSA Device": no such mixer control: PCM
2025-11-03T22:01:11 mixer: Failed to set mixer for "My ALSA Device": no such mixer control: PCM
2025-11-03T22:01:12 mixer: Failed to set mixer for "My ALSA Device": no such mixer control: PCM
2025-11-03T22:01:12 mixer: Failed to set mixer for "My ALSA Device": no such mixer control: PCM
2025-11-03T22:01:12 mixer: Failed to set mixer for "My ALSA Device": no such mixer control: PCM
2025-11-03T22:01:12 mixer: Failed to set mixer for "My ALSA Device": no such mixer control: PCM
2025-11-03T22:01:12 mixer: Failed to set mixer for "My ALSA Device": no such mixer control: PCM
2025-11-03T22:01:12 mixer: Failed to set mixer for "My ALSA Device": no such mixer control: PCM
2025-11-03T22:01:12 mixer: Failed to set mixer for "My ALSA Device": no such mixer control: PCM
2025-11-03T22:01:12 mixer: Failed to set mixer for "My ALSA Device": no such mixer control: PCM
2025-11-03T22:01:12 mixer: Failed to set mixer for "My ALSA Device": no such mixer control: PCM
2025-11-03T22:01:12 mixer: Failed to set mixer for "My ALSA Device": no such mixer control: PCM
2025-11-03T22:01:12 mixer: Failed to set mixer for "My ALSA Device": no such mixer control: PCM
2025-11-03T22:01:12 mixer: Failed to set mixer for "My ALSA Device": no such mixer control: PCM
2025-11-03T22:01:12 mixer: Failed to set mixer for "My ALSA Device": no such mixer control: PCM
2025-11-03T22:01:12 mixer: Failed to set mixer for "My ALSA Device": no such mixer control: PCM
2025-11-03T22:01:12 mixer: Failed to set mixer for "My ALSA Device": no such mixer control: PCM
2025-11-03T22:01:13 mixer: Failed to set mixer for "My ALSA Device": no such mixer control: PCM
2025-11-03T22:01:14 mixer: Failed to set mixer for "My ALSA Device": no such mixer control: PCM
2025-11-03T22:01:14 mixer: Failed to set mixer for "My ALSA Device": no such mixer control: PCM
2025-11-03T22:01:14 mixer: Failed to set mixer for "My ALSA Device": no such mixer control: PCM
2025-11-03T22:01:14 mixer: Failed to set mixer for "My ALSA Device": no such mixer control: PCM
2025-11-03T22:01:14 mixer: Failed to set mixer for "My ALSA Device": no such mixer control: PCM
2025-11-03T22:01:14 mixer: Failed to set mixer for "My ALSA Device": no such mixer control: PCM
2025-11-03T22:01:14 mixer: Failed to set mixer for "My ALSA Device": no such mixer control: PCM
2025-11-03T22:01:14 mixer: Failed to set mixer for "My ALSA Device": no such mixer control: PCM
2025-11-03T22:01:14 mixer: Failed to set mixer for "My ALSA Device": no such mixer control: PCM
2025-11-03T22:01:14 mixer: Failed to set mixer for "My ALSA Device": no such mixer control: PCM
2025-11-03T22:01:14 mixer: Failed to set mixer for "My ALSA Device": no such mixer control: PCM
2025-11-03T22:01:14 mixer: Failed to set mixer for "My ALSA Device": no such mixer control: PCM
2025-11-03T22:01:14 mixer: Failed to set mixer for "My ALSA Device": no such mixer control: PCM
2025-11-03T22:01:15 mixer: Failed to set mixer for "My ALSA Device": no such mixer control: PCM
2025-11-03T22:01:15 mixer: Failed to set mixer for "My ALSA Device": no such mixer control: PCM
2025-11-03T22:01:15 mixer: Failed to set mixer for "My ALSA Device": no such mixer control: PCM
2025-11-03T22:01:15 mixer: Failed to set mixer for "My ALSA Device": no such mixer control: PCM
2025-11-03T22:01:15 mixer: Failed to set mixer for "My ALSA Device": no such mixer control: PCM
2025-11-03T22:01:15 mixer: Failed to set mixer for "My ALSA Device": no such mixer control: PCM
2025-11-03T22:01:15 mixer: Failed to set mixer for "My ALSA Device": no such mixer control: PCM
2025-11-03T22:01:16 mixer: Failed to set mixer for "My ALSA Device": no such mixer control: PCM
2025-11-03T22:01:16 mixer: Failed to set mixer for "My ALSA Device": no such mixer control: PCM
2025-11-03T22:01:16 mixer: Failed to set mixer for "My ALSA Device": no such mixer control: PCM
2025-11-03T22:01:16 mixer: Failed to set mixer for "My ALSA Device": no such mixer control: PCM
2025-11-03T22:01:16 mixer: Failed to set mixer for "My ALSA Device": no such mixer control: PCM
2025-11-03T22:01:16 mixer: Failed to set mixer for "My ALSA Device": no such mixer control: PCM
2025-11-03T22:01:16 mixer: Failed to set mixer for "My ALSA Device": no such mixer control: PCM
2025-11-03T22:01:16 mixer: Failed to set mixer for "My ALSA Device": no such mixer control: PCM
2025-11-03T22:01:16 mixer: Failed to set mixer for "My ALSA Device": no such mixer control: PCM
2025-11-03T22:01:16 mixer: Failed to set mixer for "My ALSA Device": no such mixer control: PCM
2025-11-03T22:01:16 mixer: Failed to set mixer for "My ALSA Device": no such mixer control: PCM
2025-11-03T22:01:17 mixer: Failed to set mixer for "My ALSA Device": no such mixer control: PCM
2025-11-03T22:01:17 mixer: Failed to set mixer for "My ALSA Device": no such mixer control: PCM
2025-11-03T22:01:17 mixer: Failed to set mixer for "My ALSA Device": no such mixer control: PCM
2025-11-03T22:01:17 mixer: Failed to set mixer for "My ALSA Device": no such mixer control: PCM
2025-11-03T22:01:17 mixer: Failed to set mixer for "My ALSA Device": no such mixer control: PCM
2025-11-03T22:01:17 mixer: Failed to set mixer for "My ALSA Device": no such mixer control: PCM
2025-11-03T22:01:17 mixer: Failed to set mixer for "My ALSA Device": no such mixer control: PCM
2025-11-03T22:01:17 mixer: Failed to set mixer for "My ALSA Device": no such mixer control: PCM
2025-11-03T22:02:22 player: played "depression/01 - I Want You By My Side.mp3"
2025-11-03T22:04:42 player: played "depression/05 - i told you i said i was okay.mp3"
2025-11-03T22:06:58 player: played "depression/10 - icantbelieveiletyougetaway.mp3"
2025-11-04T20:41:47 pipewire_output: Decoder is too slow; playing silence to avoid xrun
2025-11-04T20:41:48 pipewire_output: Decoder is too slow; playing silence to avoid xrun
2025-11-04T20:46:19 pipewire_output: Decoder is too slow; playing silence to avoid xrun
2025-11-04T21:39:36 player: played "depression/09 - goodnight moon.mp3"
2025-11-04T21:50:00 player: played "depression/12 - new house.mp3"
2025-11-04T21:50:13 player: played "hyperfocues/14 - milkypossum - BUTT3RFLi3S.mp3"
2025-11-05T08:39:20 player: played "hyperfocues/03 - adhd music for FURRIES!!!.mp3"
2025-11-05T10:18:46 player: played "depression/01 - I Want You By My Side.mp3"
2025-11-05T17:40:51 pipewire_output: Decoder is too slow; playing silence to avoid xrun
2025-11-05T17:40:51 pipewire_output: Decoder is too slow; playing silence to avoid xrun
2025-11-05T17:40:52 pipewire_output: Decoder is too slow; playing silence to avoid xrun
2025-11-05T17:40:52 player: played "depression/15 - AO..mp3"
2025-11-05T17:44:45 player: played "depression/07 - 曇心.mp3"
2025-11-05T17:46:02 client: [[::1]:50932] command "currentsong" during idle
2025-11-05T17:46:18 player: played "hyperfocues/01 - 404.mp3"
2025-11-06T20:34:40 pipewire_output: Decoder is too slow; playing silence to avoid xrun
2025-11-06T20:34:40 pipewire_output: Decoder is too slow; playing silence to avoid xrun
2025-11-06T20:37:38 player: played "depression/08 - New Flesh.mp3"
2025-11-06T20:40:54 pipewire_output: Decoder is too slow; playing silence to avoid xrun
2025-11-06T21:36:45 client: [[::1]:39654] command "close" during idle
Warning: Xing stream size off by more than 1%, fuzzy seeking may be even more fuzzy than by design!
2025-11-06T21:42:14 update: added sadness depression suicide death depression/01 - I Want You By My Side.mp3
2025-11-06T21:42:14 update: added sadness depression suicide death depression/01 - I Want You By My Side.webm
2025-11-06T21:42:24 update: updating sadness depression suicide death depression/01 - I Want You By My Side.mp3
2025-11-06T21:42:24 update: removing sadness depression suicide death depression/01 - I Want You By My Side.webm
2025-11-06T21:42:50 update: removing depression/03 - fivefivefive.mp3
2025-11-06T21:42:50 update: removing depression/10 - icantbelieveiletyougetaway.mp3
2025-11-06T21:42:50 update: removing depression/05 - i told you i said i was okay.mp3
2025-11-06T21:42:50 update: removing depression/07 - 曇心.mp3
2025-11-06T21:42:50 update: removing depression/04 - cannot get over you.mp3
2025-11-06T21:42:50 update: removing depression/01 - I Want You By My Side.mp3
2025-11-06T21:42:50 update: removing depression/16 - All I Wanted.mp3
2025-11-06T21:42:50 update: removing depression/06 - girlfriends￼ - New computers demo 2009.mp3
2025-11-06T21:42:50 exception: Failed to decode "/home/valen/Music/depression/02 - Crystal of Faded Childhood.mp3"; Failed to open "/home/valen/Music/depression/02 - Crystal of Faded Childhood.mp3": No such file or directory
2025-11-06T21:42:50 update: removing depression/08 - New Flesh.mp3
2025-11-06T21:42:50 update: removing depression/11 - Nope your too late i already died.mp3
2025-11-06T21:42:50 update: removing depression/15 - AO..mp3
2025-11-06T21:42:50 update: removing depression/14 - soon.mp3
2025-11-06T21:42:50 update: removing depression/13 - night is young.mp3
2025-11-06T21:42:50 update: removing depression/02 - Crystal of Faded Childhood.mp3
2025-11-06T21:42:50 update: removing depression/12 - new house.mp3
2025-11-06T21:42:50 update: removing depression/09 - goodnight moon.mp3
2025-11-06T21:42:50 exception: Failed to decode "/home/valen/Music/depression/09 - goodnight moon.mp3"; Failed to open "/home/valen/Music/depression/09 - goodnight moon.mp3": No such file or directory
2025-11-06T21:42:50 update: added sadness depression suicide death depression/16 - All I Wanted.mp3
2025-11-06T21:42:50 update: added sadness depression suicide death depression/12 - new house.mp3
2025-11-06T21:42:50 update: added sadness depression suicide death depression/03 - fivefivefive.mp3
2025-11-06T21:42:50 update: added sadness depression suicide death depression/14 - soon.mp3
2025-11-06T21:42:50 update: updating sadness depression suicide death depression/01 - I Want You By My Side.mp3
2025-11-06T21:42:50 update: added sadness depression suicide death depression/10 - icantbelieveiletyougetaway.mp3
2025-11-06T21:42:50 update: added sadness depression suicide death depression/13 - night is young.mp3
2025-11-06T21:42:50 update: added sadness depression suicide death depression/07 - 曇心.mp3
2025-11-06T21:42:50 update: added sadness depression suicide death depression/09 - goodnight moon.mp3
2025-11-06T21:42:50 update: added sadness depression suicide death depression/04 - cannot get over you.mp3
2025-11-06T21:42:50 update: added sadness depression suicide death depression/06 - girlfriends￼ - New computers demo 2009.mp3
2025-11-06T21:42:50 update: added sadness depression suicide death depression/11 - Nope your too late i already died.mp3
2025-11-06T21:42:50 update: added sadness depression suicide death depression/05 - i told you i said i was okay.mp3
2025-11-06T21:42:50 update: added sadness depression suicide death depression/02 - Crystal of Faded Childhood.mp3
2025-11-06T21:42:50 update: added sadness depression suicide death depression/08 - New Flesh.mp3
2025-11-06T21:42:50 update: added sadness depression suicide death depression/15 - AO..mp3
2025-11-06T21:45:45 update: added sadness depression suicide death depression/17 - 被害者.mp3
2025-11-06T21:45:45 update: added sadness depression suicide death depression/19 - Collar.mp3
2025-11-06T21:45:45 update: added sadness depression suicide death depression/18 - 日常消滅.mp3
2025-11-06T21:46:09 update: added sadness depression suicide death depression/20 - 消えていく.mp3
2025-11-06T21:47:16 exception: No such song
2025-11-06T21:47:16 exception: No such song
2025-11-06T21:47:20 player: played "depression/04 - cannot get over you.mp3"
2025-11-06T21:53:38 update: added Birthday/01 - A Tornado Hits The Illies.mp3
2025-11-06T21:53:38 update: added Birthday/02 - Please Stay.webm
Warning: Xing stream size off by more than 1%, fuzzy seeking may be even more fuzzy than by design!
2025-11-06T21:53:38 update: added Birthday/02 - Please Stay.mp3
Warning: Xing stream size off by more than 1%, fuzzy seeking may be even more fuzzy than by design!
2025-11-06T21:53:56 update: added Birthday/03 - When Will It End.mp3
2025-11-06T21:53:56 update: updating Birthday/02 - Please Stay.mp3
2025-11-06T21:53:56 update: added Birthday/03 - When Will It End.webm
2025-11-06T21:53:56 update: removing Birthday/02 - Please Stay.webm
2025-11-06T21:54:12 update: added Birthday/04 - Scare.webm
2025-11-06T21:54:12 update: updating Birthday/03 - When Will It End.mp3
Warning: Xing stream size off by more than 1%, fuzzy seeking may be even more fuzzy than by design!
2025-11-06T21:54:12 update: added Birthday/04 - Scare.mp3
2025-11-06T21:54:12 update: removing Birthday/03 - When Will It End.webm
2025-11-06T21:54:28 update: added Birthday/05 - Every Dog Has Its Day.webm
2025-11-06T21:54:28 update: updating Birthday/04 - Scare.mp3
Warning: Xing stream size off by more than 1%, fuzzy seeking may be even more fuzzy than by design!
2025-11-06T21:54:28 update: added Birthday/05 - Every Dog Has Its Day.mp3
2025-11-06T21:54:28 update: removing Birthday/04 - Scare.webm
2025-11-06T21:54:38 update: updating Birthday/05 - Every Dog Has Its Day.mp3
2025-11-06T21:54:38 update: removing Birthday/05 - Every Dog Has Its Day.webm
2025-11-06T21:55:58 update: added Birthday/08 - Winter 20.mp3
2025-11-06T21:55:58 update: added Birthday/07 - Boyhood.mp3
2025-11-06T21:55:58 update: added Birthday/06 - Suicide Cleanup.mp3
2025-11-06T21:55:58 update: added Birthday/10 - We've Run Out Of Water.mp3
2025-11-06T21:55:58 update: added Birthday/09 - Fight Club.mp3
2025-11-06T21:57:00 update: added Liam Mckay/Birthday/01 - A Tornado Hits The Illies.mp3
2025-11-06T21:57:00 update: added Liam Mckay/Birthday/08 - Winter 20.mp3
2025-11-06T21:57:00 update: added Liam Mckay/Birthday/07 - Boyhood.mp3
2025-11-06T21:57:00 update: added Liam Mckay/Birthday/06 - Suicide Cleanup.mp3
2025-11-06T21:57:00 update: added Liam Mckay/Birthday/10 - We've Run Out Of Water.mp3
2025-11-06T21:57:00 update: added Liam Mckay/Birthday/09 - Fight Club.mp3
2025-11-06T21:57:00 update: added Liam Mckay/Birthday/03 - When Will It End.mp3
2025-11-06T21:57:00 update: added Liam Mckay/Birthday/02 - Please Stay.mp3
2025-11-06T21:57:00 update: added Liam Mckay/Birthday/04 - Scare.mp3
2025-11-06T21:57:00 update: added Liam Mckay/Birthday/05 - Every Dog Has Its Day.mp3
2025-11-06T21:57:00 update: updating hyperfocues/03 - adhd music for FURRIES!!!.mp3
2025-11-06T21:57:00 update: updating hyperfocues/12 - LESBIAN FURRY RAVE.mp3
2025-11-06T21:57:00 update: updating hyperfocues/10 - TWISTED GARDEN (Nameless Deity Theme) [Remix].mp3
2025-11-06T21:57:00 update: updating hyperfocues/16 - Die Young.mp3
2025-11-06T21:57:00 update: updating hyperfocues/15 - KID PIX.mp3
2025-11-06T21:57:00 update: updating hyperfocues/08 - girls just want 2 have fun.mp3
2025-11-06T21:57:00 update: updating hyperfocues/09 - snow.mp3
2025-11-06T21:57:00 update: updating hyperfocues/13 - PK RAVE (feat. Glidelas).mp3
2025-11-06T21:57:00 update: updating hyperfocues/02 - Laur - Calamity of the Mystic Garden ： Doom.mp3
2025-11-06T21:57:00 update: updating hyperfocues/11 - tn-shi - lol who cares.mp3
2025-11-06T21:57:00 update: updating hyperfocues/04 - K1LL SOMEBODY.mp3
2025-11-06T21:57:00 update: updating hyperfocues/07 - Love Zombie.mp3
2025-11-06T21:57:00 update: updating hyperfocues/05 - Beautiful Princess Disorder.mp3
2025-11-06T21:57:00 update: updating hyperfocues/06 - DIVINE.mp3
2025-11-06T21:57:00 update: updating hyperfocues/01 - 404.mp3
2025-11-06T21:57:00 update: updating hyperfocues/14 - milkypossum - BUTT3RFLi3S.mp3
2025-11-06T21:57:00 update: added i'll be okay/03 - i just want to hold her.mp3
2025-11-06T21:57:00 update: added i'll be okay/02 - Better.mp3
2025-11-06T21:57:00 update: added i'll be okay/04 - loser monologue.webm
2025-11-06T21:57:00 update: added i'll be okay/01 - Wish.mp3
Warning: Xing stream size off by more than 1%, fuzzy seeking may be even more fuzzy than by design!
2025-11-06T21:57:00 update: added i'll be okay/04 - loser monologue.mp3
2025-11-06T21:57:00 update: updating sadness depression suicide death depression/17 - 被害者.mp3
2025-11-06T21:57:00 update: updating sadness depression suicide death depression/16 - All I Wanted.mp3
2025-11-06T21:57:00 update: updating sadness depression suicide death depression/12 - new house.mp3
2025-11-06T21:57:00 update: updating sadness depression suicide death depression/03 - fivefivefive.mp3
2025-11-06T21:57:00 update: updating sadness depression suicide death depression/14 - soon.mp3
2025-11-06T21:57:00 update: updating sadness depression suicide death depression/01 - I Want You By My Side.mp3
2025-11-06T21:57:00 update: updating sadness depression suicide death depression/10 - icantbelieveiletyougetaway.mp3
2025-11-06T21:57:00 update: updating sadness depression suicide death depression/13 - night is young.mp3
2025-11-06T21:57:00 update: updating sadness depression suicide death depression/20 - 消えていく.mp3
2025-11-06T21:57:00 update: updating sadness depression suicide death depression/07 - 曇心.mp3
2025-11-06T21:57:00 update: updating sadness depression suicide death depression/09 - goodnight moon.mp3
2025-11-06T21:57:00 update: updating sadness depression suicide death depression/04 - cannot get over you.mp3
2025-11-06T21:57:00 update: updating sadness depression suicide death depression/06 - girlfriends￼ - New computers demo 2009.mp3
2025-11-06T21:57:00 update: updating sadness depression suicide death depression/19 - Collar.mp3
2025-11-06T21:57:00 update: updating sadness depression suicide death depression/11 - Nope your too late i already died.mp3
2025-11-06T21:57:00 update: updating sadness depression suicide death depression/05 - i told you i said i was okay.mp3
2025-11-06T21:57:00 update: updating sadness depression suicide death depression/02 - Crystal of Faded Childhood.mp3
2025-11-06T21:57:00 update: updating sadness depression suicide death depression/08 - New Flesh.mp3
2025-11-06T21:57:00 update: updating sadness depression suicide death depression/18 - 日常消滅.mp3
2025-11-06T21:57:00 update: updating sadness depression suicide death depression/15 - AO..mp3
2025-11-06T21:57:00 update: removing Birthday/10 - We've Run Out Of Water.mp3
2025-11-06T21:57:00 update: removing Birthday/09 - Fight Club.mp3
2025-11-06T21:57:00 update: removing Birthday/08 - Winter 20.mp3
2025-11-06T21:57:00 update: removing Birthday/07 - Boyhood.mp3
2025-11-06T21:57:00 update: removing Birthday/06 - Suicide Cleanup.mp3
2025-11-06T21:57:00 update: removing Birthday/05 - Every Dog Has Its Day.mp3
2025-11-06T21:57:00 update: removing Birthday/04 - Scare.mp3
2025-11-06T21:57:00 update: removing Birthday/03 - When Will It End.mp3
2025-11-06T21:57:00 update: removing Birthday/02 - Please Stay.mp3
2025-11-06T21:57:00 update: removing Birthday/01 - A Tornado Hits The Illies.mp3
2025-11-06T21:57:17 update: added i'll be okay/05 - theres this girl.webm
Warning: Xing stream size off by more than 1%, fuzzy seeking may be even more fuzzy than by design!
2025-11-06T21:57:17 update: added i'll be okay/05 - theres this girl.mp3
2025-11-06T21:57:17 update: updating i'll be okay/04 - loser monologue.mp3
2025-11-06T21:57:17 update: removing i'll be okay/04 - loser monologue.webm
2025-11-06T21:57:33 update: added i'll be okay/06 - Cold.mp3
2025-11-06T21:57:33 update: updating i'll be okay/05 - theres this girl.mp3
2025-11-06T21:57:33 update: removing i'll be okay/05 - theres this girl.webm
2025-11-06T21:57:57 update: added i'll be okay/07 - Left.mp3
Warning: Xing stream size off by more than 1%, fuzzy seeking may be even more fuzzy than by design!
2025-11-06T21:57:57 update: added i'll be okay/08 - Last Friday Night.mp3
2025-11-06T21:57:57 update: added i'll be okay/08 - Last Friday Night.webm
2025-11-06T21:58:17 update: updating i'll be okay/08 - Last Friday Night.mp3
2025-11-06T21:58:17 update: added i'll be okay/09 - i threw a rock off an overpass and killed a guy.mp3
2025-11-06T21:58:17 update: removing i'll be okay/08 - Last Friday Night.webm
2025-11-06T21:58:35 update: updating Liam Mckay/Birthday/01 - A Tornado Hits The Illies.mp3
2025-11-06T21:58:35 update: updating Liam Mckay/Birthday/08 - Winter 20.mp3
2025-11-06T21:58:35 update: updating Liam Mckay/Birthday/07 - Boyhood.mp3
2025-11-06T21:58:35 update: updating Liam Mckay/Birthday/06 - Suicide Cleanup.mp3
2025-11-06T21:58:35 update: updating Liam Mckay/Birthday/10 - We've Run Out Of Water.mp3
2025-11-06T21:58:35 update: updating Liam Mckay/Birthday/09 - Fight Club.mp3
2025-11-06T21:58:35 update: updating Liam Mckay/Birthday/03 - When Will It End.mp3
2025-11-06T21:58:35 update: updating Liam Mckay/Birthday/02 - Please Stay.mp3
2025-11-06T21:58:35 update: updating Liam Mckay/Birthday/04 - Scare.mp3
2025-11-06T21:58:35 update: updating Liam Mckay/Birthday/05 - Every Dog Has Its Day.mp3
2025-11-06T21:58:35 update: updating hyperfocues/03 - adhd music for FURRIES!!!.mp3
2025-11-06T21:58:35 update: updating hyperfocues/12 - LESBIAN FURRY RAVE.mp3
2025-11-06T21:58:35 update: updating hyperfocues/10 - TWISTED GARDEN (Nameless Deity Theme) [Remix].mp3
2025-11-06T21:58:35 update: updating hyperfocues/16 - Die Young.mp3
2025-11-06T21:58:35 update: updating hyperfocues/15 - KID PIX.mp3
2025-11-06T21:58:35 update: updating hyperfocues/08 - girls just want 2 have fun.mp3
2025-11-06T21:58:35 update: updating hyperfocues/09 - snow.mp3
2025-11-06T21:58:35 update: updating hyperfocues/13 - PK RAVE (feat. Glidelas).mp3
2025-11-06T21:58:35 update: updating hyperfocues/02 - Laur - Calamity of the Mystic Garden ： Doom.mp3
2025-11-06T21:58:35 update: updating hyperfocues/11 - tn-shi - lol who cares.mp3
2025-11-06T21:58:35 update: updating hyperfocues/04 - K1LL SOMEBODY.mp3
2025-11-06T21:58:35 update: updating hyperfocues/07 - Love Zombie.mp3
2025-11-06T21:58:35 update: updating hyperfocues/05 - Beautiful Princess Disorder.mp3
2025-11-06T21:58:35 update: updating hyperfocues/06 - DIVINE.mp3
2025-11-06T21:58:35 update: updating hyperfocues/01 - 404.mp3
2025-11-06T21:58:35 update: updating hyperfocues/14 - milkypossum - BUTT3RFLi3S.mp3
2025-11-06T21:58:35 update: updating i'll be okay/07 - Left.mp3
2025-11-06T21:58:35 update: updating i'll be okay/03 - i just want to hold her.mp3
2025-11-06T21:58:35 update: updating i'll be okay/08 - Last Friday Night.mp3
2025-11-06T21:58:35 update: updating i'll be okay/02 - Better.mp3
2025-11-06T21:58:35 update: updating i'll be okay/09 - i threw a rock off an overpass and killed a guy.mp3
2025-11-06T21:58:35 update: updating i'll be okay/06 - Cold.mp3
2025-11-06T21:58:35 update: updating i'll be okay/01 - Wish.mp3
2025-11-06T21:58:35 update: updating i'll be okay/05 - theres this girl.mp3
2025-11-06T21:58:35 update: updating i'll be okay/04 - loser monologue.mp3
2025-11-06T21:58:35 update: updating sadness depression suicide death depression/17 - 被害者.mp3
2025-11-06T21:58:35 update: updating sadness depression suicide death depression/16 - All I Wanted.mp3
2025-11-06T21:58:35 update: updating sadness depression suicide death depression/12 - new house.mp3
2025-11-06T21:58:35 update: updating sadness depression suicide death depression/03 - fivefivefive.mp3
2025-11-06T21:58:35 update: updating sadness depression suicide death depression/14 - soon.mp3
2025-11-06T21:58:35 update: updating sadness depression suicide death depression/01 - I Want You By My Side.mp3
2025-11-06T21:58:35 update: updating sadness depression suicide death depression/10 - icantbelieveiletyougetaway.mp3
2025-11-06T21:58:35 update: updating sadness depression suicide death depression/13 - night is young.mp3
2025-11-06T21:58:35 update: updating sadness depression suicide death depression/20 - 消えていく.mp3
2025-11-06T21:58:35 update: updating sadness depression suicide death depression/07 - 曇心.mp3
2025-11-06T21:58:35 update: updating sadness depression suicide death depression/09 - goodnight moon.mp3
2025-11-06T21:58:35 update: updating sadness depression suicide death depression/04 - cannot get over you.mp3
2025-11-06T21:58:35 update: updating sadness depression suicide death depression/06 - girlfriends￼ - New computers demo 2009.mp3
2025-11-06T21:58:35 update: updating sadness depression suicide death depression/19 - Collar.mp3
2025-11-06T21:58:35 update: updating sadness depression suicide death depression/11 - Nope your too late i already died.mp3
2025-11-06T21:58:35 update: updating sadness depression suicide death depression/05 - i told you i said i was okay.mp3
2025-11-06T21:58:35 update: updating sadness depression suicide death depression/02 - Crystal of Faded Childhood.mp3
2025-11-06T21:58:35 update: updating sadness depression suicide death depression/08 - New Flesh.mp3
2025-11-06T21:58:35 update: updating sadness depression suicide death depression/18 - 日常消滅.mp3
2025-11-06T21:58:35 update: updating sadness depression suicide death depression/15 - AO..mp3
2025-11-06T21:59:09 update: added Liam Mckay/i'll be okay/07 - Left.mp3
2025-11-06T21:59:09 update: added Liam Mckay/i'll be okay/03 - i just want to hold her.mp3
2025-11-06T21:59:09 update: added Liam Mckay/i'll be okay/08 - Last Friday Night.mp3
2025-11-06T21:59:09 update: added Liam Mckay/i'll be okay/02 - Better.mp3
2025-11-06T21:59:09 update: added Liam Mckay/i'll be okay/09 - i threw a rock off an overpass and killed a guy.mp3
2025-11-06T21:59:09 update: added Liam Mckay/i'll be okay/06 - Cold.mp3
2025-11-06T21:59:09 update: added Liam Mckay/i'll be okay/01 - Wish.mp3
2025-11-06T21:59:09 update: added Liam Mckay/i'll be okay/05 - theres this girl.mp3
2025-11-06T21:59:09 update: added Liam Mckay/i'll be okay/04 - loser monologue.mp3
2025-11-06T22:01:09 player: played "sadness depression suicide death depression/19 - Collar.mp3"
2025-11-06T22:05:08 pipewire_output: Decoder is too slow; playing silence to avoid xrun
2025-11-06T22:05:08 pipewire_output: Decoder is too slow; playing silence to avoid xrun
2025-11-06T22:05:31 pipewire_output: Decoder is too slow; playing silence to avoid xrun
2025-11-06T22:05:31 pipewire_output: Decoder is too slow; playing silence to avoid xrun
2025-11-06T22:24:02 player: played "Liam Mckay/Birthday/09 - Fight Club.mp3"
2025-11-06T22:26:25 player: played "Liam Mckay/Birthday/04 - Scare.mp3"
2025-11-06T23:03:57 player: played "Liam Mckay/Birthday/03 - When Will It End.mp3"
2025-11-08T17:40:47 player: played "Liam Mckay/Birthday/02 - Please Stay.mp3"
2025-11-08T17:41:38 player: played "Liam Mckay/Birthday/07 - Boyhood.mp3"
2025-11-08T18:10:32 pipewire_output: Decoder is too slow; playing silence to avoid xrun
2025-11-08T18:47:11 update: added CHASER/01 - femtanyl - ACT RIGHT.webm
Warning: Xing stream size off by more than 1%, fuzzy seeking may be even more fuzzy than by design!
2025-11-08T18:47:11 update: added CHASER/01 - femtanyl - ACT RIGHT.mp3
2025-11-08T18:47:19 update: updating CHASER/01 - femtanyl - ACT RIGHT.mp3
2025-11-08T18:47:19 update: removing CHASER/01 - femtanyl - ACT RIGHT.webm
Warning: Xing stream size off by more than 1%, fuzzy seeking may be even more fuzzy than by design!
2025-11-08T18:47:40 update: added CHASER/03 - femtanyl - PUSH UR T3MPRR.mp3
2025-11-08T18:47:40 update: added CHASER/02 - P3T.mp3
2025-11-08T18:47:40 update: added CHASER/03 - femtanyl - PUSH UR T3MPRR.webm
2025-11-08T18:47:56 update: updating CHASER/03 - femtanyl - PUSH UR T3MPRR.mp3
2025-11-08T18:47:56 update: added CHASER/04 - femtanyl - KATAMARI.webm
Warning: Xing stream size off by more than 1%, fuzzy seeking may be even more fuzzy than by design!
2025-11-08T18:47:56 update: added CHASER/04 - femtanyl - KATAMARI.mp3
2025-11-08T18:47:56 update: removing CHASER/03 - femtanyl - PUSH UR T3MPRR.webm
2025-11-08T18:47:56 update: added REACTOR/01 - femtanyl - ITS TIME.mp3
2025-11-08T18:49:03 update: added REACTOR/05 - femtanyl - ATTACKING VERTICAL.mp3
Warning: Xing stream size off by more than 1%, fuzzy seeking may be even more fuzzy than by design!
2025-11-08T18:49:03 update: added REACTOR/06 - femtanyl - AND IM GONE.mp3
2025-11-08T18:49:03 update: added REACTOR/04 - femtanyl - M3 n MIN3 feat. Danny Brown.mp3
2025-11-08T18:49:03 update: added REACTOR/06 - femtanyl - AND IM GONE.webm
2025-11-08T18:49:03 update: added REACTOR/03 - femtanyl - DINNER!.mp3
2025-11-08T18:49:03 update: added REACTOR/02 - femtanyl - WEIGHTLESS!.mp3
2025-11-08T18:49:03 update: added CHASER/05 - femtanyl - MURDER EVERY 1 U KNOW! (feat. takihasdied).mp3
2025-11-08T18:49:03 update: added CHASER/06 - femtanyl - GIRL HELL 1999.mp3
2025-11-08T18:49:03 update: updating CHASER/04 - femtanyl - KATAMARI.mp3
2025-11-08T18:49:03 update: removing CHASER/04 - femtanyl - KATAMARI.webm
2025-11-08T18:49:03 update: added NASTYWERKKKK!/01 - femtanyl x issbrokie - NASTYWERKKKK.mp3
2025-11-08T18:49:11 update: updating REACTOR/06 - femtanyl - AND IM GONE.mp3
2025-11-08T18:49:11 update: removing REACTOR/06 - femtanyl - AND IM GONE.webm
2025-11-08T18:49:57 update: added S33K H3LP/01 - S33K H3LP.mp3
2025-11-08T18:50:24 update: added femtanyl/01 - S33K H3LP.mp3
2025-11-08T18:50:24 update: added femtanyl/CHASER/05 - femtanyl - MURDER EVERY 1 U KNOW! (feat. takihasdied).mp3
2025-11-08T18:50:24 update: added femtanyl/CHASER/06 - femtanyl - GIRL HELL 1999.mp3
2025-11-08T18:50:24 update: added femtanyl/CHASER/03 - femtanyl - PUSH UR T3MPRR.mp3
2025-11-08T18:50:24 update: added femtanyl/CHASER/02 - P3T.mp3
2025-11-08T18:50:24 update: added femtanyl/CHASER/04 - femtanyl - KATAMARI.mp3
2025-11-08T18:50:24 update: added femtanyl/CHASER/01 - femtanyl - ACT RIGHT.mp3
2025-11-08T18:50:24 update: added femtanyl/REACTOR/05 - femtanyl - ATTACKING VERTICAL.mp3
2025-11-08T18:50:24 update: added femtanyl/REACTOR/06 - femtanyl - AND IM GONE.mp3
2025-11-08T18:50:24 update: added femtanyl/REACTOR/04 - femtanyl - M3 n MIN3 feat. Danny Brown.mp3
2025-11-08T18:50:24 update: added femtanyl/REACTOR/03 - femtanyl - DINNER!.mp3
2025-11-08T18:50:24 update: added femtanyl/REACTOR/02 - femtanyl - WEIGHTLESS!.mp3
2025-11-08T18:50:24 update: added femtanyl/REACTOR/01 - femtanyl - ITS TIME.mp3
2025-11-08T18:50:24 update: removing S33K H3LP/01 - S33K H3LP.mp3
2025-11-08T18:50:31 update: removing REACTOR/06 - femtanyl - AND IM GONE.mp3
2025-11-08T18:50:31 update: removing REACTOR/05 - femtanyl - ATTACKING VERTICAL.mp3
2025-11-08T18:50:31 update: removing REACTOR/04 - femtanyl - M3 n MIN3 feat. Danny Brown.mp3
2025-11-08T18:50:31 update: removing REACTOR/03 - femtanyl - DINNER!.mp3
2025-11-08T18:50:31 update: removing REACTOR/02 - femtanyl - WEIGHTLESS!.mp3
2025-11-08T18:50:31 update: removing REACTOR/01 - femtanyl - ITS TIME.mp3
2025-11-08T18:50:31 update: removing i'll be okay/09 - i threw a rock off an overpass and killed a guy.mp3
2025-11-08T18:50:31 update: removing i'll be okay/08 - Last Friday Night.mp3
2025-11-08T18:50:31 update: removing i'll be okay/07 - Left.mp3
2025-11-08T18:50:31 update: removing i'll be okay/06 - Cold.mp3
2025-11-08T18:50:31 update: removing i'll be okay/05 - theres this girl.mp3
2025-11-08T18:50:31 update: removing i'll be okay/04 - loser monologue.mp3
2025-11-08T18:50:31 update: removing i'll be okay/03 - i just want to hold her.mp3
2025-11-08T18:50:31 update: removing i'll be okay/02 - Better.mp3
2025-11-08T18:50:31 update: removing i'll be okay/01 - Wish.mp3
2025-11-08T18:50:31 update: removing CHASER/02 - P3T.mp3
2025-11-08T18:50:31 update: removing CHASER/06 - femtanyl - GIRL HELL 1999.mp3
2025-11-08T18:50:31 update: removing CHASER/05 - femtanyl - MURDER EVERY 1 U KNOW! (feat. takihasdied).mp3
2025-11-08T18:50:31 update: removing CHASER/04 - femtanyl - KATAMARI.mp3
2025-11-08T18:50:31 update: removing CHASER/03 - femtanyl - PUSH UR T3MPRR.mp3
2025-11-08T18:50:31 update: removing CHASER/01 - femtanyl - ACT RIGHT.mp3
2025-11-08T18:50:41 update: removing NASTYWERKKKK!/01 - femtanyl x issbrokie - NASTYWERKKKK.mp3
2025-11-08T18:50:41 update: added femtanyl/01 - femtanyl x issbrokie - NASTYWERKKKK.mp3
2025-11-08T18:50:52 player: played "hyperfocues/07 - Love Zombie.mp3"
2025-11-08T18:54:03 player: played "femtanyl/CHASER/04 - femtanyl - KATAMARI.mp3"
2025-11-08T18:56:22 player: played "femtanyl/01 - femtanyl x issbrokie - NASTYWERKKKK.mp3"
2025-11-08T22:09:43 player: played "femtanyl/REACTOR/02 - femtanyl - WEIGHTLESS!.mp3"
2025-11-09T18:12:25 player: played "Liam Mckay/i'll be okay/04 - loser monologue.mp3"
2025-11-09T22:40:10 player: played "Liam Mckay/i'll be okay/04 - loser monologue.mp3"
2025-11-10T21:56:58 player: played "femtanyl/CHASER/01 - femtanyl - ACT RIGHT.mp3"
2025-11-11T13:12:40 player: played "femtanyl/CHASER/02 - P3T.mp3"
2025-11-11T14:03:26 player: played "femtanyl/CHASER/02 - P3T.mp3"
2025-11-11T14:07:29 player: played "Liam Mckay/Birthday/03 - When Will It End.mp3"
2025-11-11T14:13:13 player: played "sadness depression suicide death depression/13 - night is young.mp3"
2025-11-11T14:17:22 player: played "sadness depression suicide death depression/05 - i told you i said i was okay.mp3"
2025-11-11T15:39:36 player: played "Liam Mckay/i'll be okay/03 - i just want to hold her.mp3"
2025-11-11T15:43:10 pipewire_output: Decoder is too slow; playing silence to avoid xrun
2025-11-11T15:43:10 player: played "sadness depression suicide death depression/14 - soon.mp3"
2025-11-11T15:46:15 player: played "Liam Mckay/Birthday/01 - A Tornado Hits The Illies.mp3"
2025-11-11T15:50:18 player: played "sadness depression suicide death depression/09 - goodnight moon.mp3"
2025-11-11T15:52:47 player: played "sadness depression suicide death depression/06 - girlfriends￼ - New computers demo 2009.mp3"
2025-11-11T16:21:38 player: played "sadness depression suicide death depression/19 - Collar.mp3"
2025-11-11T16:23:51 player: played "hyperfocues/09 - snow.mp3"
2025-11-13T13:02:30 client: [[::1]:59876] command "currentsong" during idle
2025-11-14T19:04:39 player: played "hyperfocues/01 - 404.mp3"
2025-11-14T19:08:12 player: played "hyperfocues/06 - DIVINE.mp3"
2025-11-14T20:25:28 player: played "hyperfocues/10 - TWISTED GARDEN (Nameless Deity Theme) [Remix].mp3"
2025-11-14T21:06:47 pipewire_output: Decoder is too slow; playing silence to avoid xrun
2025-11-14T21:06:48 pipewire_output: Decoder is too slow; playing silence to avoid xrun
2025-11-14T23:00:37 pipewire_output: Decoder is too slow; playing silence to avoid xrun
2025-11-14T23:00:37 pipewire_output: Decoder is too slow; playing silence to avoid xrun
2025-11-14T23:00:37 pipewire_output: Decoder is too slow; playing silence to avoid xrun
2025-11-14T23:34:48 player: played "hyperfocues/08 - girls just want 2 have fun.mp3"
2025-11-15T00:22:19 player: played "hyperfocues/12 - LESBIAN FURRY RAVE.mp3"
2025-11-15T00:46:21 player: played "hyperfocues/04 - K1LL SOMEBODY.mp3"
2025-11-15T18:42:45 player: played "hyperfocues/04 - K1LL SOMEBODY.mp3"
2025-11-15T18:56:32 player: played "hyperfocues/04 - K1LL SOMEBODY.mp3"
2025-11-16T04:11:58 player: played "hyperfocues/04 - K1LL SOMEBODY.mp3"
2025-11-16T06:23:48 player: played "hyperfocues/04 - K1LL SOMEBODY.mp3"
2025-11-16T06:25:02 player: played "hyperfocues/04 - K1LL SOMEBODY.mp3"
2025-11-16T06:25:51 player: played "hyperfocues/04 - K1LL SOMEBODY.mp3"
2025-11-16T12:46:46 player: played "hyperfocues/04 - K1LL SOMEBODY.mp3"
2025-11-16T13:35:26 player: played "hyperfocues/04 - K1LL SOMEBODY.mp3"
2025-11-16T13:38:46 pipewire_output: Decoder is too slow; playing silence to avoid xrun
2025-11-16T14:06:30 player: played "hyperfocues/03 - adhd music for FURRIES!!!.mp3"
2025-11-16T15:09:28 player: played "hyperfocues/03 - adhd music for FURRIES!!!.mp3"
2025-11-16T15:13:21 player: played "hyperfocues/03 - adhd music for FURRIES!!!.mp3"
2025-11-16T19:06:19 player: played "hyperfocues/03 - adhd music for FURRIES!!!.mp3"
2025-11-16T19:14:47 player: played "hyperfocues/03 - adhd music for FURRIES!!!.mp3"
2025-11-17T00:27:04 client: [[::1]:38478] command "currentsong" during idle
2025-11-17T00:29:09 player: played "femtanyl/REACTOR/04 - femtanyl - M3 n MIN3 feat. Danny Brown.mp3"
2025-11-17T00:31:29 player: played "femtanyl/01 - femtanyl x issbrokie - NASTYWERKKKK.mp3"
2025-11-17T00:33:36 player: played "femtanyl/REACTOR/01 - femtanyl - ITS TIME.mp3"
2025-11-17T10:38:34 pipewire_output: Decoder is too slow; playing silence to avoid xrun
2025-11-17T10:38:34 pipewire_output: Decoder is too slow; playing silence to avoid xrun
2025-11-17T10:41:09 pipewire_output: Decoder is too slow; playing silence to avoid xrun
2025-11-17T10:41:10 player: played "femtanyl/CHASER/04 - femtanyl - KATAMARI.mp3"
2025-11-17T14:17:24 pipewire_output: Decoder is too slow; playing silence to avoid xrun
2025-11-17T14:17:24 player: played "femtanyl/REACTOR/05 - femtanyl - ATTACKING VERTICAL.mp3"
2025-11-17T14:20:11 player: played "femtanyl/REACTOR/06 - femtanyl - AND IM GONE.mp3"
2025-11-17T14:23:25 pipewire_output: Decoder is too slow; playing silence to avoid xrun
2025-11-17T14:23:25 pipewire_output: Decoder is too slow; playing silence to avoid xrun
2025-11-17T14:23:25 player: played "femtanyl/REACTOR/03 - femtanyl - DINNER!.mp3"
2025-11-18T14:38:10 player: played "hyperfocues/16 - Die Young.mp3"
2025-11-18T14:41:56 player: played "hyperfocues/16 - Die Young.mp3"
2025-11-18T14:48:03 pipewire_output: Decoder is too slow; playing silence to avoid xrun
2025-11-18T14:48:03 pipewire_output: Decoder is too slow; playing silence to avoid xrun
2025-11-18T14:48:04 pipewire_output: Decoder is too slow; playing silence to avoid xrun
2025-11-18T14:48:04 player: played "sadness depression suicide death depression/13 - night is young.mp3"
2025-11-18T14:54:38 player: played "Liam Mckay/i'll be okay/01 - Wish.mp3"
2025-11-18T14:58:19 player: played "Liam Mckay/Birthday/05 - Every Dog Has Its Day.mp3"
2025-11-18T15:00:57 player: played "Liam Mckay/Birthday/07 - Boyhood.mp3"
2025-11-18T15:39:08 pipewire_output: Decoder is too slow; playing silence to avoid xrun
2025-11-18T15:39:08 pipewire_output: Decoder is too slow; playing silence to avoid xrun
2025-11-18T15:47:14 pipewire_output: Decoder is too slow; playing silence to avoid xrun
2025-11-18T15:47:14 pipewire_output: Decoder is too slow; playing silence to avoid xrun
2025-11-18T15:48:48 player: played "sadness depression suicide death depression/11 - Nope your too late i already died.mp3"
2025-11-18T15:54:04 player: played "Liam Mckay/i'll be okay/02 - Better.mp3"
2025-11-18T15:56:22 player: played "Liam Mckay/i'll be okay/06 - Cold.mp3"
2025-11-18T15:58:04 pipewire_output: Decoder is too slow; playing silence to avoid xrun
2025-11-18T15:58:05 pipewire_output: Decoder is too slow; playing silence to avoid xrun
2025-11-19T23:00:58 player: played "Liam Mckay/Birthday/02 - Please Stay.mp3"
2025-11-19T23:08:32 player: played "Liam Mckay/Birthday/02 - Please Stay.mp3"
2025-11-19T23:16:17 player: played "Liam Mckay/Birthday/02 - Please Stay.mp3"
2025-11-20T00:04:15 player: played "Liam Mckay/Birthday/02 - Please Stay.mp3"
2025-11-20T14:13:43 player: played "Liam Mckay/Birthday/02 - Please Stay.mp3"
2025-11-20T14:14:07 player: played "femtanyl/01 - S33K H3LP.mp3"
2025-11-20T14:19:25 player: played "hyperfocues/12 - LESBIAN FURRY RAVE.mp3"
2025-11-20T14:21:32 player: played "femtanyl/REACTOR/01 - femtanyl - ITS TIME.mp3"
2025-11-20T14:23:15 player: played "femtanyl/CHASER/02 - P3T.mp3"
2025-11-20T14:25:39 player: played "femtanyl/CHASER/01 - femtanyl - ACT RIGHT.mp3"
2025-11-20T14:27:55 player: played "femtanyl/REACTOR/03 - femtanyl - DINNER!.mp3"
2025-11-20T14:29:50 player: played "femtanyl/REACTOR/05 - femtanyl - ATTACKING VERTICAL.mp3"
2025-11-20T14:32:27 player: played "hyperfocues/07 - Love Zombie.mp3"
2025-11-20T14:45:18 player: played "hyperfocues/02 - Laur - Calamity of the Mystic Garden ： Doom.mp3"
2025-11-20T14:47:34 player: played "hyperfocues/04 - K1LL SOMEBODY.mp3"
2025-11-20T14:51:29 player: played "hyperfocues/10 - TWISTED GARDEN (Nameless Deity Theme) [Remix].mp3"
2025-11-20T14:53:58 player: played "femtanyl/CHASER/03 - femtanyl - PUSH UR T3MPRR.mp3"
2025-11-20T14:56:22 player: played "femtanyl/CHASER/01 - femtanyl - ACT RIGHT.mp3"
2025-11-20T14:58:33 player: played "femtanyl/REACTOR/04 - femtanyl - M3 n MIN3 feat. Danny Brown.mp3"
2025-11-20T15:00:58 player: played "femtanyl/REACTOR/02 - femtanyl - WEIGHTLESS!.mp3"
2025-11-20T15:02:40 player: played "femtanyl/CHASER/02 - P3T.mp3"
2025-11-20T15:05:27 player: played "femtanyl/REACTOR/06 - femtanyl - AND IM GONE.mp3"
2025-11-20T15:58:24 player: played "femtanyl/CHASER/06 - femtanyl - GIRL HELL 1999.mp3"
2025-11-20T16:09:12 player: played "femtanyl/CHASER/06 - femtanyl - GIRL HELL 1999.mp3"
2025-11-20T16:09:57 player: played "femtanyl/CHASER/06 - femtanyl - GIRL HELL 1999.mp3"
2025-11-20T16:30:45 player: played "femtanyl/CHASER/06 - femtanyl - GIRL HELL 1999.mp3"
2025-11-20T17:11:52 player: played "femtanyl/CHASER/06 - femtanyl - GIRL HELL 1999.mp3"
2025-11-20T17:22:46 player: played "femtanyl/CHASER/06 - femtanyl - GIRL HELL 1999.mp3"
2025-11-20T17:23:38 pipewire_output: Decoder is too slow; playing silence to avoid xrun
2025-11-20T17:23:38 pipewire_output: Decoder is too slow; playing silence to avoid xrun
2025-11-20T17:24:22 client: [[::1]:44960] command "status" during idle
2025-11-20T17:25:14 pipewire_output: Decoder is too slow; playing silence to avoid xrun
2025-11-20T17:25:14 pipewire_output: Decoder is too slow; playing silence to avoid xrun
2025-11-20T17:26:42 player: played "Liam Mckay/i'll be okay/06 - Cold.mp3"
2025-11-20T17:32:32 player: played "Liam Mckay/i'll be okay/06 - Cold.mp3"
2025-11-20T17:34:11 player: played "Liam Mckay/i'll be okay/02 - Better.mp3"
2025-11-20T17:36:32 player: played "Liam Mckay/i'll be okay/07 - Left.mp3"
2025-11-20T17:53:22 player: played "Liam Mckay/i'll be okay/05 - theres this girl.mp3"
2025-11-20T19:54:04 pipewire_output: Decoder is too slow; playing silence to avoid xrun
2025-11-20T19:54:04 pipewire_output: Decoder is too slow; playing silence to avoid xrun
2025-11-20T19:54:04 player: played "Liam Mckay/i'll be okay/03 - i just want to hold her.mp3"
2025-11-20T19:56:40 player: played "Liam Mckay/i'll be okay/01 - Wish.mp3"
2025-11-21T14:33:16 player: played "femtanyl/01 - S33K H3LP.mp3"
2025-11-21T18:21:40 player: played "femtanyl/01 - S33K H3LP.mp3"
2025-11-21T21:06:19 pipewire_output: Decoder is too slow; playing silence to avoid xrun
2025-11-22T15:34:07 pipewire_output: Decoder is too slow; playing silence to avoid xrun
2025-11-22T15:34:07 player: played "sadness depression suicide death depression/05 - i told you i said i was okay.mp3"
2025-11-22T23:07:41 player: played "femtanyl/01 - femtanyl x issbrokie - NASTYWERKKKK.mp3"
2025-11-23T19:38:03 player: played "sadness depression suicide death depression/02 - Crystal of Faded Childhood.mp3"
2025-11-24T15:36:52 pipewire_output: Decoder is too slow; playing silence to avoid xrun
2025-11-24T15:36:52 pipewire_output: Decoder is too slow; playing silence to avoid xrun
2025-11-24T19:54:12 player: played "femtanyl/CHASER/03 - femtanyl - PUSH UR T3MPRR.mp3"
2025-11-25T11:22:36 player: played "femtanyl/CHASER/03 - femtanyl - PUSH UR T3MPRR.mp3"
2025-11-25T11:34:02 player: played "femtanyl/CHASER/03 - femtanyl - PUSH UR T3MPRR.mp3"
2025-11-25T11:47:06 player: played "femtanyl/CHASER/03 - femtanyl - PUSH UR T3MPRR.mp3"
2025-11-25T11:55:45 player: played "femtanyl/CHASER/03 - femtanyl - PUSH UR T3MPRR.mp3"
2025-11-25T11:59:03 player: played "femtanyl/CHASER/03 - femtanyl - PUSH UR T3MPRR.mp3"
2025-11-25T22:49:30 player: played "femtanyl/CHASER/03 - femtanyl - PUSH UR T3MPRR.mp3"
2025-11-26T15:27:18 player: played "femtanyl/CHASER/03 - femtanyl - PUSH UR T3MPRR.mp3"
Warning: Xing stream size off by more than 1%, fuzzy seeking may be even more fuzzy than by design!
2025-11-26T19:59:02 update: added life is a fuck/03 - comfort song 4 u.mp3
2025-11-26T19:59:02 update: added life is a fuck/01 - they'll post it online.mp3
2025-11-26T19:59:02 update: added life is a fuck/02 - would u notice.mp3
2025-11-26T19:59:02 update: added life is a fuck/03 - comfort song 4 u.webm
2025-11-26T19:59:24 update: updating life is a fuck/03 - comfort song 4 u.mp3
2025-11-26T19:59:24 update: added life is a fuck/04 - haunt my home.mp3
2025-11-26T19:59:24 update: removing life is a fuck/03 - comfort song 4 u.webm
2025-11-26T19:59:58 update: added life is a fuck/06 - now you're gone.mp3
2025-11-26T19:59:58 update: added life is a fuck/05 - december.mp3
2025-11-26T19:59:58 update: added life is a fuck/07 - Caramel Kidney.webm
Warning: Xing stream size off by more than 1%, fuzzy seeking may be even more fuzzy than by design!
2025-11-26T19:59:58 update: added life is a fuck/07 - Caramel Kidney.mp3
2025-11-26T20:00:23 update: added life is a fuck/08 - i told you i said i was okay.mp3
2025-11-26T20:00:23 update: updating life is a fuck/07 - Caramel Kidney.mp3
2025-11-26T20:00:23 update: removing life is a fuck/07 - Caramel Kidney.webm
2025-11-26T20:00:48 update: added life is a fuck/10 - Loose Lips.mp3
2025-11-26T20:00:48 update: added life is a fuck/09 - sorry i killed her..mp3
2025-11-26T20:01:16 update: added life is a fuck/12 - i've been so sober.mp3
2025-11-26T20:01:16 update: added life is a fuck/11 - downtown baby 2..mp3
2025-11-26T20:02:00 update: added life is a fuck/13 - twenty four.mp3
2025-11-26T20:02:00 update: added life is a fuck/16 - deer in headlights.webm
Warning: Xing stream size off by more than 1%, fuzzy seeking may be even more fuzzy than by design!
2025-11-26T20:02:00 update: added life is a fuck/16 - deer in headlights.mp3
2025-11-26T20:02:00 update: added life is a fuck/14 - one big prison.mp3
2025-11-26T20:02:00 update: added life is a fuck/15 - reindeers.mp3
2025-11-26T20:02:56 update: added life is a fuck/19 - shotgun..mp3
2025-11-26T20:02:56 update: added life is a fuck/17 - i hait it.mp3
2025-11-26T20:02:56 update: updating life is a fuck/16 - deer in headlights.mp3
2025-11-26T20:02:56 update: added life is a fuck/20 - right person wrong time.mp3
2025-11-26T20:02:56 update: added life is a fuck/18 - i hait it (remix).mp3
2025-11-26T20:02:56 update: removing life is a fuck/16 - deer in headlights.webm
2025-11-26T20:03:15 update: added life is a fuck/21 - girl i know.mp3
2025-11-26T20:03:15 update: added life is a fuck/22 - Riley.webm
Warning: Xing stream size off by more than 1%, fuzzy seeking may be even more fuzzy than by design!
2025-11-26T20:03:15 update: added life is a fuck/22 - Riley.mp3
2025-11-26T20:03:30 update: updating life is a fuck/22 - Riley.mp3
2025-11-26T20:03:30 update: added life is a fuck/23 - egirl195.webm
Warning: Xing stream size off by more than 1%, fuzzy seeking may be even more fuzzy than by design!
2025-11-26T20:03:30 update: added life is a fuck/23 - egirl195.mp3
2025-11-26T20:03:30 update: removing life is a fuck/22 - Riley.webm
2025-11-26T20:03:40 update: updating life is a fuck/23 - egirl195.mp3
2025-11-26T20:03:40 update: removing life is a fuck/23 - egirl195.webm
2025-11-26T20:03:55 update: added life is a fuck/24 - Cannot Get Over You.mp3
2025-11-26T20:04:02 update: added life is a fuck/25 - Untitled #3.webm
Warning: Xing stream size off by more than 1%, fuzzy seeking may be even more fuzzy than by design!
2025-11-26T20:04:02 update: added life is a fuck/25 - Untitled #3.mp3
2025-11-26T20:04:11 update: updating life is a fuck/25 - Untitled #3.mp3
2025-11-26T20:04:11 update: removing life is a fuck/25 - Untitled #3.webm
2025-11-26T20:04:40 update: added life is a fuck/27 - cannot get over you.mp3
2025-11-26T20:04:40 update: added life is a fuck/26 - Meme.mp3
Warning: Xing stream size off by more than 1%, fuzzy seeking may be even more fuzzy than by design!
2025-11-26T20:04:48 update: added life is a fuck/28 - fivefivefive.mp3
2025-11-26T20:04:48 update: added life is a fuck/28 - fivefivefive.webm
2025-11-26T20:04:56 update: updating life is a fuck/28 - fivefivefive.mp3
2025-11-26T20:04:56 update: removing life is a fuck/28 - fivefivefive.webm
2025-11-26T20:05:05 update: added life is a fuck/29 - head.webm
Warning: Xing stream size off by more than 1%, fuzzy seeking may be even more fuzzy than by design!
2025-11-26T20:05:05 update: added life is a fuck/29 - head.mp3
2025-11-26T20:05:14 update: updating life is a fuck/29 - head.mp3
2025-11-26T20:05:14 update: removing life is a fuck/29 - head.webm
2025-11-26T20:05:21 update: added life is a fuck/30 - Glue.webm
Warning: Xing stream size off by more than 1%, fuzzy seeking may be even more fuzzy than by design!
2025-11-26T20:05:21 update: added life is a fuck/30 - Glue.mp3
2025-11-26T20:06:07 update: added life is a fuck/32 - i have a question sir..mp3
2025-11-26T20:06:07 update: added life is a fuck/31 - drinking thinking of me.mp3
2025-11-26T20:06:07 update: added life is a fuck/33 - Low IQ.webm
2025-11-26T20:06:07 update: updating life is a fuck/30 - Glue.mp3
Warning: Xing stream size off by more than 1%, fuzzy seeking may be even more fuzzy than by design!
2025-11-26T20:06:07 update: added life is a fuck/33 - Low IQ.mp3
2025-11-26T20:06:07 update: removing life is a fuck/30 - Glue.webm
2025-11-26T20:06:30 update: updating life is a fuck/33 - Low IQ.mp3
2025-11-26T20:06:30 update: added life is a fuck/34 - bpill.mp3
2025-11-26T20:06:30 update: removing life is a fuck/33 - Low IQ.webm
Warning: Xing stream size off by more than 1%, fuzzy seeking may be even more fuzzy than by design!
2025-11-26T20:06:40 update: added life is a fuck/35 - movies for guys.mp3
2025-11-26T20:06:40 update: added life is a fuck/35 - movies for guys.webm
2025-11-26T20:06:56 update: updating life is a fuck/35 - movies for guys.mp3
2025-11-26T20:06:56 update: removing life is a fuck/35 - movies for guys.webm
2025-11-26T20:08:06 update: added life is a fuck/37 - no clue.mp3
2025-11-26T20:08:06 update: added life is a fuck/38 - overtonight - trick or treat (official video).mp3
2025-11-26T20:08:06 update: added life is a fuck/39 - overtonight - normal days (Official Audio).mp3
2025-11-26T20:08:06 update: added life is a fuck/40 - overtonight - daylight, i'm sorry (Official Audio).mp3
2025-11-26T20:08:06 update: added life is a fuck/36 - reject.mp3
2025-11-26T20:08:20 update: added life is a fuck/41 - special little notes.mp3
2025-11-26T20:08:53 update: added life is a fuck/43 - mirrors demo.mp3
2025-11-26T20:08:53 update: added life is a fuck/42 - if i lose her its wraps.mp3
2025-11-26T20:09:17 update: added life is a fuck/44 - i love u so much.mp3
2025-11-26T20:09:17 update: added life is a fuck/45 - Slime.mp3
2025-11-26T20:09:30 update: added life is a fuck/46 - im sure you know..mp3
2025-11-26T20:09:55 update: added life is a fuck/48 - when will it all get better？.mp3
2025-11-26T20:09:55 update: added life is a fuck/47 - Stephanie (Sped Up).mp3
2025-11-26T20:11:08 player: played "femtanyl/CHASER/03 - femtanyl - PUSH UR T3MPRR.mp3"
2025-11-26T20:13:28 player: played "life is a fuck/26 - Meme.mp3"
2025-11-26T20:15:31 player: played "life is a fuck/37 - no clue.mp3"
2025-11-27T13:40:12 player: played "life is a fuck/43 - mirrors demo.mp3"
2025-11-27T13:43:00 player: played "life is a fuck/02 - would u notice.mp3"
2025-11-27T13:46:26 player: played "life is a fuck/23 - egirl195.mp3"
2025-11-27T13:47:58 player: played "life is a fuck/18 - i hait it (remix).mp3"
2025-11-27T13:51:13 player: played "life is a fuck/30 - Glue.mp3"
2025-11-27T13:53:40 player: played "life is a fuck/08 - i told you i said i was okay.mp3"
2025-11-27T14:00:27 pipewire_output: Decoder is too slow; playing silence to avoid xrun
2025-11-27T14:00:27 pipewire_output: Decoder is too slow; playing silence to avoid xrun
2025-11-27T14:00:28 pipewire_output: Decoder is too slow; playing silence to avoid xrun
2025-11-27T14:00:28 player: played "life is a fuck/14 - one big prison.mp3"
2025-11-27T14:02:51 player: played "life is a fuck/12 - i've been so sober.mp3"
2025-11-27T14:05:35 player: played "life is a fuck/27 - cannot get over you.mp3"
2025-11-27T14:08:41 player: played "life is a fuck/39 - overtonight - normal days (Official Audio).mp3"
2025-11-27T14:11:04 player: played "life is a fuck/11 - downtown baby 2..mp3"
2025-11-27T14:18:53 pipewire_output: Decoder is too slow; playing silence to avoid xrun
2025-11-27T14:18:53 pipewire_output: Decoder is too slow; playing silence to avoid xrun
2025-11-27T14:18:53 player: played "life is a fuck/35 - movies for guys.mp3"
2025-11-27T14:21:33 player: played "life is a fuck/48 - when will it all get better？.mp3"
2025-11-28T12:58:40 player: played "life is a fuck/26 - Meme.mp3"
2025-11-28T13:01:39 player: played "life is a fuck/25 - Untitled #3.mp3"
2025-11-28T19:12:43 player: played "life is a fuck/31 - drinking thinking of me.mp3"
2025-11-28T19:15:40 player: played "life is a fuck/40 - overtonight - daylight, i'm sorry (Official Audio).mp3"
2025-11-28T19:17:50 player: played "life is a fuck/45 - Slime.mp3"
2025-11-29T13:52:30 player: played "life is a fuck/41 - special little notes.mp3"
2025-11-29T16:19:07 player: played "life is a fuck/41 - special little notes.mp3"
2025-11-29T16:30:31 pipewire_output: Decoder is too slow; playing silence to avoid xrun
2025-11-29T16:31:29 pipewire_output: Decoder is too slow; playing silence to avoid xrun
2025-11-29T16:31:30 pipewire_output: Decoder is too slow; playing silence to avoid xrun
2025-11-29T16:31:30 player: played "life is a fuck/38 - overtonight - trick or treat (official video).mp3"
2025-11-29T18:18:49 player: played "life is a fuck/24 - Cannot Get Over You.mp3"
2025-11-29T18:23:02 player: played "life is a fuck/24 - Cannot Get Over You.mp3"
2025-11-29T18:25:53 player: played "femtanyl/CHASER/04 - femtanyl - KATAMARI.mp3"
2025-12-01T11:29:36 pipewire_output: Decoder is too slow; playing silence to avoid xrun
2025-12-01T11:29:37 pipewire_output: Decoder is too slow; playing silence to avoid xrun
2025-12-01T11:29:37 pipewire_output: Decoder is too slow; playing silence to avoid xrun
2025-12-01T11:29:38 pipewire_output: Decoder is too slow; playing silence to avoid xrun
2025-12-01T11:29:38 pipewire_output: Decoder is too slow; playing silence to avoid xrun
2025-12-02T22:56:49 player: played "femtanyl/REACTOR/03 - femtanyl - DINNER!.mp3"
2025-12-02T22:59:36 player: played "Liam Mckay/Birthday/02 - Please Stay.mp3"
2025-12-02T23:02:15 player: played "Liam Mckay/Birthday/07 - Boyhood.mp3"
2025-12-02T23:06:08 player: played "sadness depression suicide death depression/07 - 曇心.mp3"
2025-12-02T23:10:12 player: played "sadness depression suicide death depression/09 - goodnight moon.mp3"
2025-12-02T23:13:53 player: played "Liam Mckay/Birthday/05 - Every Dog Has Its Day.mp3"
2025-12-02T23:16:41 player: played "sadness depression suicide death depression/08 - New Flesh.mp3"
2025-12-02T23:19:01 player: played "Liam Mckay/i'll be okay/07 - Left.mp3"
2025-12-02T23:20:49 player: played "Liam Mckay/Birthday/09 - Fight Club.mp3"
2025-12-02T23:25:07 player: played "sadness depression suicide death depression/20 - 消えていく.mp3"
2025-12-03T18:36:55 player: played "sadness depression suicide death depression/14 - soon.mp3"
2025-12-03T18:38:37 player: played "life is a fuck/44 - i love u so much.mp3"
2025-12-05T11:01:32 player: played "life is a fuck/43 - mirrors demo.mp3"
2025-12-05T11:03:39 player: played "life is a fuck/03 - comfort song 4 u.mp3"
2025-12-05T11:05:09 player: played "life is a fuck/01 - they'll post it online.mp3"
2025-12-05T11:07:33 player: played "life is a fuck/12 - i've been so sober.mp3"
2025-12-05T11:09:38 player: played "life is a fuck/13 - twenty four.mp3"
2025-12-05T11:12:06 player: played "life is a fuck/10 - Loose Lips.mp3"
2025-12-05T11:13:58 player: played "life is a fuck/19 - shotgun..mp3"
2025-12-05T11:15:45 player: played "life is a fuck/21 - girl i know.mp3"
2025-12-05T11:17:54 player: played "life is a fuck/45 - Slime.mp3"
2025-12-05T12:15:12 update: added NewFolder/1008.WAV
2025-12-05T12:15:12 update: added NewFolder/1004.WAV
2025-12-05T12:15:12 update: added NewFolder/1001.WAV
2025-12-05T12:15:12 update: added NewFolder/1009.WAV
2025-12-05T12:15:12 update: added NewFolder/C2P2T4.WAV
2025-12-05T12:15:12 update: added NewFolder/1007.WAV
2025-12-05T12:15:12 update: added NewFolder/C2P1T5.WAV
2025-12-05T12:15:12 update: added NewFolder/1002.WAV
2025-12-05T12:15:12 update: added NewFolder/1003.WAV
2025-12-05T12:15:12 update: added NewFolder/1006.WAV
2025-12-05T12:15:12 update: added NewFolder/1010.WAV
2025-12-05T12:15:22 update: added aduio/1008.WAV
2025-12-05T12:15:22 update: added aduio/1004.WAV
2025-12-05T12:15:22 update: added aduio/1001.WAV
2025-12-05T12:15:22 update: added aduio/1009.WAV
2025-12-05T12:15:22 update: added aduio/C2P2T4.WAV
2025-12-05T12:15:22 update: added aduio/1007.WAV
2025-12-05T12:15:22 update: added aduio/C2P1T5.WAV
2025-12-05T12:15:22 update: added aduio/1002.WAV
2025-12-05T12:15:22 update: added aduio/1003.WAV
2025-12-05T12:15:22 update: added aduio/1006.WAV
2025-12-05T12:15:22 update: added aduio/1010.WAV
2025-12-05T12:15:22 update: removing NewFolder/1001.WAV
2025-12-05T12:15:22 update: removing NewFolder/1002.WAV
2025-12-05T12:15:22 update: removing NewFolder/1003.WAV
2025-12-05T12:15:22 update: removing NewFolder/1004.WAV
2025-12-05T12:15:22 update: removing NewFolder/1006.WAV
2025-12-05T12:15:22 update: removing NewFolder/1007.WAV
2025-12-05T12:15:22 update: removing NewFolder/1008.WAV
2025-12-05T12:15:22 update: removing NewFolder/1009.WAV
2025-12-05T12:15:22 update: removing NewFolder/1010.WAV
2025-12-05T12:15:22 update: removing NewFolder/C2P1T5.WAV
2025-12-05T12:15:22 update: removing NewFolder/C2P2T4.WAV
2025-12-06T11:47:09 player: played "life is a fuck/17 - i hait it.mp3"
2025-12-06T11:50:05 player: played "femtanyl/REACTOR/01 - femtanyl - ITS TIME.mp3"
2025-12-06T11:50:57 pipewire_output: Decoder is too slow; playing silence to avoid xrun
2025-12-06T11:57:18 player: played "femtanyl/REACTOR/02 - femtanyl - WEIGHTLESS!.mp3"
2025-12-06T11:59:37 player: played "femtanyl/REACTOR/02 - femtanyl - WEIGHTLESS!.mp3"
2025-12-09T00:18:59 player: played "life is a fuck/34 - bpill.mp3"
2025-12-09T20:12:04 player: played "life is a fuck/34 - bpill.mp3"
2025-12-09T20:14:11 player: played "life is a fuck/34 - bpill.mp3"
2025-12-09T21:04:23 player: played "life is a fuck/34 - bpill.mp3"
2025-12-11T11:52:37 player: played "life is a fuck/34 - bpill.mp3"
2025-12-11T15:30:08 player: played "life is a fuck/46 - im sure you know..mp3"
2025-12-11T15:33:32 player: played "life is a fuck/44 - i love u so much.mp3"
2025-12-11T15:36:39 player: played "life is a fuck/39 - overtonight - normal days (Official Audio).mp3"
2025-12-11T15:38:54 pipewire_output: Decoder is too slow; playing silence to avoid xrun
2025-12-11T15:38:54 pipewire_output: Decoder is too slow; playing silence to avoid xrun
2025-12-11T15:38:54 pipewire_output: Decoder is too slow; playing silence to avoid xrun
2025-12-11T15:38:54 player: played "life is a fuck/41 - special little notes.mp3"
2025-12-13T21:28:37 player: played "femtanyl/CHASER/04 - femtanyl - KATAMARI.mp3"
2025-12-13T21:31:24 player: played "life is a fuck/02 - would u notice.mp3"
2025-12-13T21:33:02 player: played "life is a fuck/26 - Meme.mp3"
2025-12-13T21:35:45 player: played "life is a fuck/38 - overtonight - trick or treat (official video).mp3"
2025-12-13T21:35:49 player: played "aduio/1001.WAV"
2025-12-13T21:36:50 player: played "aduio/C2P1T5.WAV"
2025-12-13T21:37:04 pipewire_output: Decoder is too slow; playing silence to avoid xrun
2025-12-13T21:37:05 pipewire_output: Decoder is too slow; playing silence to avoid xrun
2025-12-13T21:37:15 player: played "aduio/1009.WAV"
2025-12-13T21:37:29 exception: Not playing
